ИНН;Краткое наименование;Город;Регион;Должность руководителя;Фамилия руководителя;Имя руководителя;Отчество руководителя;Сумма генподряда;Статус в СРО;Статус торгов;Членские взносы;Страхвка;Проверка;Допуск выдан;Юридический адрес;Фактический адрес;Телефон;Факс;E-mail;Веб-сайт;Полное наименование;ОГРН;КПП;Номер свидетельства;Виды работ
"""5249083090""";ООО «Центр экспертизы и оценки» ;г. Дзержинск;;Директор;Сергеева;Ольга;Юрьевна;;Приостановлен;;;;;29.11.2013;606024, Нижегородская область, г. Дзержинск, пр. Чкалова, д. 21, кв.28;606024, Нижегородская область, г. Дзержинск, пр. Чкалова, д. 21, кв.28;(8313) 288-018;;expertiza-nn@mail.ru;;Общество с ограниченной ответственностью «Центр экспертизы и оценки»;"""1065249064176""";;"""0006.03-2010-5249083090-П-107""";
"""5254026636""";ООО «Саровское проектное бюро» ;г. Саров;;Генеральный директор;Кинешов;Сергей;Анатольевич;;Действует;;;19.01.2015;;21.03.2013;607186, Нижегородская область, г. Саров, проспект Ленина, д. 23, П 4;607186, Нижегородская область, г. Саров, проспект Ленина, д. 23, П 4;(83130) 76-789, 76-116;;SPB-55@mail.ru;;Общество с ограниченной ответственностью «Саровское проектное бюро»;"""1025202203828""";;"""0007.04-2010-5254026636-П-107""";
"""5260216378""";ООО «НПФ «Технологии энергосбережения, монтаж, проектирование» ;г. Нижний Новгород;;Генеральный директор;Кадин;Геннадий;Викторович;;Действует;;;11.05.2015;;19.02.2014;603086, г. Нижний Новгород, ул. Должанская, д. 35/18;603086, г. Нижний Новгород, ул. Должанская, д. 35/18;(831) 414-44-12;277-98-89;info@temp-nn.ru;www.temp-nn.ru;Общество с ограниченной ответственностью «Научно-производственная фирма «Технологии энергосбережения, монтаж, проектирование»;"""1085260000704""";;"""0026.05-2010-5260216378-П-107""";
"""5263063754""";ООО ПСК «Промстрой» ;г. Нижний Новгород;;Директор;Щепетов;Валерий;Владимирович;;Действует;;;09.06.2015;;22.05.2012;603003, г. Нижний Новгород, ул. Ефремова, д. 6, пом. П6;603003, г. Нижний Новгород, ул. Ефремова, д. 6, пом. П6;(831) 265-55-05;;psk.promstroy@mail.ru;;Общество с ограниченной ответственностью Проектно-строительной компании «Промстрой»;"""1075263007764""";;"""0035.04-2010-5263063754-П-107""";
"""5222004260""";ООО «УВАД» ;г. Лысково;;Директор;Панкратова;Марина;Алексеевна;;Действует;;;07.05.2015;;01.08.2013;606210, Нижегородская область, г. Лысково, ул. Звездная, д. 8, кв. 3;606210, Нижегородская область, г. Лысково, ул. Звездная, д. 8, кв. 3;(83149) 5-90-49;;uwadl@bk.ru;;Общество с ограниченной ответственностью «УВАД»;"""1075222000831""";;"""0061.03-2010-5222004260-П-107""";
"""5249061201""";ООО «Троица-Сервис» ;г. Дзержинск;;Директор;Шевелев;Михаил;Владимирович;;Действует;;;03.04.2015;;09.09.2011;606023, Нижегородская обл., г. Дзержинск, ул. Бутлерова, д. 9 А;606023, Нижегородская обл., г. Дзержинск, ул. Бутлерова, д. 9 А;(8313) 25-61-90;;troica-buh@mail.ru;;Общество с ограниченной ответственностью «Троица-Сервис»;"""1025201743324""";;"""0047.02-2010-5249061201-П-107""";
"""5249089327""";ООО «ПрофЦентр» ;г. Дзержинск;;Исполнительный директор;Подсосова;Наталья;Владимировна;;Действует;;;02.12.2014;;19.05.2011;606015, Нижегородская обл., г. Дзержинск,пер. Западный, д. 5, офис 25;606015, Нижегородская обл., г. Дзержинск,пер. Западный, д. 5, офис 25;(831-3) 24-40-33;24-40-33;bedarewaa@mail.ru;;Общество с ограниченной ответственностью «ПрофЦентр»;"""1075249007074""";;"""0004.04-2009-5249089327-П-107""";
"""5243002023""";ОАО «СУ № 7 СМТ» ;г. Арзамас;;Генеральный директор;Полюхов;Иван;Васильевич;;Действует;;;29.06.2014;;23.05.2013;607230, Нижегородская область, г. Арзамас, ул. Жуковского, д. 10;607230, Нижегородская область, г. Арзамас, ул. Жуковского, д. 10;(83147) 4-32-46;;su@mts-nn.ru;;Открытое акционерное общество «Строительное управление № 7 Сварочно-монтажного треста»;"""1025201336368""";;"""0036.03-2010-5243002023-П-107""";
"""5249077032""";ООО «Желдорстрой» ;г.Дзержинск;;Директор;Шулешов;Михаил;Владимирович;;Действует;;;25.10.2014;;31.01.2012;606026, Нижегородская обл., г.Дзержинск, ул. Буденного д. 9 Б;606026, Нижегородская обл., г.Дзержинск, ул. Буденного д. 9 Б;8-910-140-63-53;(8313)64-80-82;geldorstroy@yandex.ru;;Общество с ограниченной ответственностью «Желдорстрой»;"""1055216537397""";;"""0053.03-2010-5249077032-П-107""";
"""5260108809""";ООО «Творческая мастерская архитектора В.Борисюка» ;г. Нижний Новгород;;Директор;Борисюк;Виктор;Федорович;;Приостановлен;;;29.07.2014;;25.11.2010;603000, Нижегородская обл., г. Нижний Новгород, ул. Б.Покровская, д. 43;603000, Нижегородская обл., г. Нижний Новгород, ул. Б.Покровская, д. 43;(831) 411-55-35;;blik.nnov@mail.ru;;Общество с ограниченной ответственностью «Творческая мастерская архитектора В.Борисюка»;"""1025203016519""";;"""0003.02-2009-5260108809-П-107""";
"""5263001370""";ОАО «Волжский проектный институт «Проектверфь» ;г. Нижний Новгород;;Генеральный директор;Солодов;Денис;Алексеевич;;Действует;;;05.02.2015;;29.02.2012;603003, Нижегородская обл., г. Нижний Новгород, ул. Заводский парк, д. 21;603003, Нижегородская обл., г. Нижний Новгород, ул. Заводский парк, д. 21;(831) 229-60-11, 217-02-44, 217-02-40;229-60-11;proektverfoao@yandex.ru;;Открытое акционерное общество «Волжский проектный институт «Проектверфь»;"""1025204416885""";;"""0010.02-2010-5263001370-П-107""";
"""7705902307""";ООО «Инженерное бюро Альфа» ;г. Москва;;Генеральный директор;Козлов;Дмитрий;Германович;;Действует;;;30.09.2014;;10.02.2012;119334, г. Москва, 5-й Донской проезд, д. 15;119334, г. Москва, 5-й Донской проезд, д. 15;"(495) 955-51-51; 8 (499) 995-22-34";;d.kozlov@id-a.ru;www.ib-a.ru;Общество с ограниченной ответственностью «Инженерное бюро Альфа»;"""1097746703361""";;"""0011.03-2010-7705902307-П-107""";
"""5262142393""";ООО «Центрорггаз-НН» ;г. Дзержинск;;Директор;Майдокин;Александр;Иванович;;Действует;;;24.12.2014;;08.02.2013;606000, Нижегородская обл., г. Дзержинск, ул. Кирова, д. 11А, оф. 107;606000, Нижегородская обл., г. Дзержинск, ул. Кирова, д. 11А, оф. 107;(8313) 25-53-92;25-44-70;fcog-nn@mail.ru;;Общество с ограниченной ответственностью «Центрорггаз-НН»;"""1055248136525""";;"""0012.03-2010-5262142393-П-107""";
"""5259077176""";ООО «ГеоСтройПроект» ;г. Нижний Новгород;;Директор;Ефремов;Сергей;Петрович;;Приостановлен;;;;;21.03.2013;603157, г. Нижний Новгород, ул. Бийская, д. 16;603157, г. Нижний Новгород, ул. Бийская, д. 16;(831) 8 901-800-00-04;;office@gsp-nn.ru;;Общество с ограниченной ответственностью «ГеоСтройПроект»;"""1085259005611""";;"""0015.04-2010-5259077176-П-107""";
"""5262086011""";ООО «ПРОЕКТСТРОЙ» ;г. Нижний Новгород;;Директор;Соловьева;Анна;Михайловна;;Действует;;;22.01.2015;;04.04.2013;603057, г. Нижний Новгород, проспект Гагарина, д. 25 В;603057, г. Нижний Новгород, проспект Гагарина, д. 25 В;(831) 415-07-52;430-82-72;psnnov@mail.ru;;Общество с ограниченной ответственностью «ПРОЕКТСТРОЙ»;"""1025203758348""";;"""0017.04-2010-5262086011-П-107""";
"""5249071312""";ООО «Пожзащита» ;г. Дзержинск;;Директор;Мещанинов;Сергей;Александрович;;Действует;;;26.12.2014;;25.09.2013;606032, Нижегородская обл., г. Дзержинск, ул. Бутлерова, д. 40 В, офис 30;606032, Нижегородская обл., г. Дзержинск, ул. Бутлерова, д. 40 В, офис 30;(8313) 28-30-47;;p-z-2004@mail.ru;;Общество с ограниченной ответственностью «Пожзащита»;"""1045206801914""";;"""0019.03-2010-5249071312-П-107""";
"""5262160191""";ООО «Архитектурное бюро «НиКА» ;г. Нижний Новгород;;Директор;Корчагина;Надежда;Алексеевна;;Действует;;;06.02.2015;;08.02.2013;603024, г. Нижний Новгород, ул. Генкиной, д. 61, кв. 76;603024, г. Нижний Новгород, ул. Генкиной, д. 61, кв. 76;(831) 415-01-91;272-70-38;ab-nika@mail.ru;;Общество с ограниченной ответственностью «Архитектурное бюро «НиКА»;"""1075262001968""";;"""0020.05-2010-5262160191-П-107""";
"""5260270110""";ООО «ГидроСтрой Проект» ;г. Нижний Новгород;;Директор;Гоголев;Алексей;Евгеньевич;;Действует;;;25.04.2015;;29.03.2013;603163, Нижегородская область, г. Нижний Новгород, ул. Хохлова Александра, д. 5, кв. 49;603163, Нижегородская область, г. Нижний Новгород, ул. Хохлова Александра, д. 5, кв. 49;(915) 950-73-29;(8313) 26-55-06;promokraska@yandex.ru, gsp.nn@mail.ru;;Общество с ограниченной ответственностью «ГидроСтрой Проект»;"""1105260000801""";;"""0022.05-2010-5260270110-П-107""";
"""7722633492""";ООО «АРГУС ТЕК» ;г. Москва;;Генеральный директор;Герасименко;Алексей;Леонидович;;Действует;;;;;05.03.2013;109518, г. Москва, 1-й Грайвороновский проезд, д. 20, стр. 35;109518, г. Москва, 1-й Грайвороновский проезд, д. 20, стр. 35;(495) 739-82-12;;info@argustech.ru, omnima@gmail.com;;Общество с ограниченной ответственностью «АРГУС ТЕК»;"""1077763892260""";;"""0023.03-2010-7722633492-П-107""";
"""5261047845""";ООО «Нижегородский институт прикладных технологий» ;г. Нижний Новгород;;Генеральный директор;Ноаров;Владимир;Борисович;;Действует;;;23.08.2015;;06.10.2014;603163, г. Нижний Новгород, ул. Германа Лопатина, д. 8, пом. п5;603163, г. Нижний Новгород, ул. Германа Лопатина, д. 8, пом. п5;(831) 460-32-59;460-41-85;office@nipt.ru;nipt.ru;Общество с ограниченной ответственностью «Нижегородский институт прикладных технологий»;"""1065261018492""";;"""0025.14-2010-5261047845-П-107""";
"""5260239551""";ООО «Малойер Австро Инжиниринг» ;г. Нижний Новгород;;Генеральный директор;Хохидра;Василий;Васильевич;;Действует;;;24.09.2015;;01.12.2011;603000, г. Нижний Новгород, ул. Белинского, д.32, оф. 604;603000, г. Нижний Новгород, ул. Белинского, д.32, оф. 604;(831) 220-52-05, 439-50-76;;bip_nn@mail.ru;;Общество с ограниченной ответственностью «Малойер Австро Инжиниринг»;"""1085260016380""";;"""0027.04-2010-5260239551-П-107""";
"""5249000858""";ОАО «Дзержинский опытный завод авиационных материалов» ;г. Дзержинск;;Генеральный директор;Желудов;Евгений;Алексеевич;;Действует;;;26.10.2014;;15.02.2013;606000, Нижегородская область, г. Дзержинск, адресная зона Восточный промрайон Синтез, 11 км + 200 м Восточное шоссе, здание 724;606000, Нижегородская область, г. Дзержинск, адресная зона Восточный промрайон Синтез, 11 км + 200 м Восточное шоссе, здание 724;(8313) 27-47-11, 27-47-50;;ONV@AVIABOR.ru;;Открытое акционерное общество «Дзержинский опытный завод авиационных материалов»;"""1025201741817""";;"""0028.03-2010-5249000858-П-107""";
"""5260063330""";ООО «Рост-ВСП» ;г. Нижний Новгород;;Директор;Вихарев;Сергей;Петрович;;Действует;;;20.05.2015;;07.09.2011;603005, г. Нижний Новгород, ул. Семашко, д. 23;603005, г. Нижний Новгород, ул. Семашко, д. 23;(831) 419-87-88;;rost-vsp@mail.ru;;Общество с ограниченной ответственностью «Рост-ВСП»;"""1025203032854""";;"""0029.03-2010-5260063330-П-107""";
"""5257092008""";ООО «Проектно-дизайнерское бюро «Проект-Сити»» ;г. Нижний Новгород;;Директор;Ястребова;Ирина;Алексеевна;;Действует;;;27.03.2015;;19.04.2013;603002, г. Нижний Новгород, ул. Чкалова, д. 5 Б, офис 16;603002, г. Нижний Новгород, ул. Чкалова, д. 5 Б, офис 16;(831) 414-30-32\296-47-71;;S_pro@inbox.ru;;Общество с ограниченной ответственностью «Проектно-дизайнерское бюро «Проект-Сити»»;"""1085257001664""";;"""0031.03-2010-5257092008-П-107""";
"""5244014984""";ООО УМ «Нижегородское» ;г. Нижний Новгород;;Директор;Лещенко;Владимир;Геннадьевич;;Действует;;;08.06.2015;;29.03.2013;603000, г. Нижний Новгород, ул. Белинского, д. 38, П 18;603000, г. Нижний Новгород, ул. Белинского, д. 38, П 18;(831) 421-64-26;;um_nizhegorodskoye@mail.ru;;Общество с ограниченной ответственностью «Управление механизации «Нижегородское»»;"""1055209012715""";;"""0032.03-2010-5244014984-П-107""";
"""1103042678""";ООО «Горная жила» ;г. Сыктывкар;;Генеральный директор;Спирина;Людмила;Николаевна;;Действует;;;08.07.2015;;29.08.2012;167011, Республика Коми, г. Сыктывкар, ул. Кутузова, д. 36, офис 14;167011, Республика Коми, г. Сыктывкар, ул. Кутузова, д. 36, офис 14;(8212) 30-03-27, 30-03-47;;slad61@mail.ru;;Общество с ограниченной ответственностью «Горная жила»;"""1081103000219""";;"""0034.03-2010-1103042678-П-107""";
"""5260058964""";ООО «НХС-Инвестстрой» ;г. Нижний Новгород;;Директор;Никонов;Александр;Иванович;;Действует;;;21.06.2014;;03.10.2013;603001, г. Нижний Новгород, ул. Рождественская, д. 30;603001, г. Нижний Новгород, ул. Рождественская, д. 30;(831) 437-63-69;;ainikonov doc.@mail.ru;;Общество с ограниченной ответственностью «НХС-Инвестстрой»;"""1025203047319""";;"""0038.04-2010-5260058964-П-107""";
"""5262128960""";ООО «АЛНЭКС» ;г. Нижний Новгород;;Директор;Никулин;Алексей;Викторович;;Действует;;;24.06.2015;;01.07.2014;603136, г. Нижний Новгород, ул. Маршала Рокоссовского, д.13, кв. 69;603136, г. Нижний Новгород, ул. Маршала Рокоссовского, д.13, кв. 69;(831) 410-52-16;467-97-10;mmproekt-nn@mail.ru, alnex-nn@mail.ru;www.alnex-nn.ru;Общество с ограниченной ответственностью «АЛНЭКС»;"""1045207811725""";;"""0039.04-2010-5262128960-П-107""";
"""5258088344""";ООО «ЭнергияГазПроект» ;г. Нижний Новгород;;Директор;Савицкий;Андрей;Викторович;;Приостановлен;;;10.07.2014;;24.12.2010;603140, г. Нижний Новгород, проспект Ленина, д. 16 Б, комн. 517;603140, г. Нижний Новгород, проспект Ленина, д. 16 Б, комн. 517;(831) 245-36-44;;egprojekt@mail.ru;;Общество с ограниченной ответственностью «ЭнергияГазПроект»;"""1105258000396""";;"""0043.02-2010-5258088344-П-107""";
"""5257066362""";ООО «Блиц-Проект» ;г. Нижний Новгород;;Директор;Шаров;Анатолий;Сергеевич;;Действует;;;24.03.2015;;09.06.2011;603059, г. Нижний Новгород, ул. Зеленодольская, д. 12 А;603059, г. Нижний Новгород, ул. Зеленодольская, д. 12 А;(831) 278-45-92. 278-44-57,;433-15-87;blitz-proekt@yandex.ru;;Общество с ограниченной ответственностью «Блиц-Проект»;"""1045207144883""";;"""0045.03-2010-5257066362-П-107""";
"""5258088680""";ООО «ПКК «КВАНТ» ;г. Нижний Новгород;;Генеральный директор;Шведов;Сергей;Николаевич;;Действует;;;20.05.2015;;01.10.2014;603033, г. Нижний Новгород, ул. Памирская, д. 11, офис 52;603033, г. Нижний Новгород, ул. Памирская, д. 11, офис 52;(8313) 32-90-50, 32-87-82,;(831)220-56-08;kvant_nn@mail.ru;;Общество с ограниченной ответственностью «Производственно-коммерческая компания «КВАНТ»;"""1105258000726""";;"""0046.03-2010-5258088680-П-107""";
"""5249000706""";МУП «АПБ» г. Дзержинска» ;г. Дзержинск;;Директор;Селиванов;Валерий;Геннадьевич;;Действует;;;22.01.2015;;29.03.2010;606008, Нижегородская обл., г. Дзержинск, ул. Октябрьская, д. 5 А;606008, Нижегородская обл., г. Дзержинск, ул. Октябрьская, д. 5 А;(8313) 26-85-48;8(8313) 26-85-48;apb@list.ru;;Муниципальное унитарное предприятие «Архитектурно-производственное бюро» г. Дзержинска;"""1025201768228""";;;
"""7722657246""";ООО «ЭСЦ «Феникс» ;г. Москва;;Генеральный директор;Тимаков;Игорь;Львович;;Действует;;;07.02.2015;;23.01.2013;111020, г. Москва, ул. Боровая, д. 12, офис 7;111020, г. Москва, ул. Боровая, д. 12, офис 7;(495) 960-93-82;360-62-27;F96093822@yandex.ru;esc-fenix.com;Общество с ограниченной ответственностью «Экспертно-Сервисный Центр «Феникс»;"""5087746059836""";;"""0050.04-2010-7722657246-П-107""";
"""5258079830""";ООО «ВСК-проект» ;г. Нижний Новгород;;Директор;Точилова;Любовь;Владимировна;;Действует;;;12.10.2014;;01.07.2014;603011, г. Нижний Новгород, пр. Ленина, д. 2;603011, г. Нижний Новгород, пр. Ленина, д. 2;(831) 245-33-96;245-52-74;vsk-proekt@yandex.ru;;Общество с ограниченной ответственностью «ВСК-проект»;"""1085258006360""";;"""0051.04-2010-5258079830-П-107""";
"""5245014539""";ООО «Проект-Строй» ;г. Богородск;;Директор;Заболотный;Александр;Яковлевич;;Действует;;;08.06.2015;;06.06.2012;607605, Нижегородская обл., г. Богородск, ул. Туркова, д. 6 А, к. 90;607605, Нижегородская обл., г. Богородск, ул. Туркова, д. 6 А, к. 90;(831) 8-904-783-57-65;461-89-96;proekt-stroi@bk.ru;;Общество с ограниченной ответственностью «Проект-Строй»;"""1085252001812""";;"""0052.04-2010-5245014539-П-107""";
"""5260195015""";ООО «Промсервис» ;г. Нижний Новгород;;Генеральный директор;Столяров;Олег;Русланович;;Действует;;;23.09.2014;;06.06.2013;603109, г. Нижний Новгород, ул. Нижегородская, д. 4, кв. 49;603109, г. Нижний Новгород, ул. Нижегородская, д. 4, кв. 49;(831) 433-89-51;433-89-51;promservis.52@mail.ru, promtexbez@mail.ru;;Общество с ограниченной ответственностью «Промсервис»;"""1075260016237""";;"""0056.05-2010-5260195015-П-107""";
"""5262250631""";ООО СК «Альфа Климат» ;г. Нижний Новгород;;Директор;Чапля;Вадим;Геннадьевич;;Действует;;;23.05.2015;;26.04.2013;603024, г. Нижний Новгород, ул. Полтавская, д. 5, корп. 1, пом. 3;603024, г. Нижний Новгород, ул. Полтавская, д. 5, корп. 1, пом. 3;(831) 220-90-97, 220-90-98;278-55-60;vladimir.nikolaev@klimat-nn.ru, 4673480@mail.ru;klimat-nn.ru;Общество с ограниченной ответственностью «Строительная компания «Альфа Климат»;"""1105262002680""";;"""0059.03-2010-5262250631-П-107""";
"""5261071238""";ООО «ЭкспертизаПроектСтрой» ;г. Нижний Новгород;;Генеральный директор;Бубнов;Алексей;Николаевич;;Действует;;;16.04.2015;;06.10.2014;603062, г. Нижний Новгород, ул. Горная, д. 28, кв. 46;603062, г. Нижний Новгород, ул. Горная, д. 28, кв. 46;(831) 257-80-87, 212-53-41;;Bubnova7@mail.ru;;Общество с ограниченной ответственностью «ЭкспертизаПроектСтрой»;"""1105261000943""";;"""0060.06-2010-5261071238-П-107""";
"""7715720000""";ООО «Строительная компания» ;г. Москва;;Генеральный директор;Григорьев;Сергей;Витальевич;;Действует;;;13.03.2015;;09.09.2013;127642, г. Москва, проезд Дежнева, д.19, корп. 1;127642, г. Москва, проезд Дежнева, д.19, корп. 1;(495) 8-985-991-80-52;287-92-66;sk.stroyco@yandex.ru;;Общество с ограниченной ответственностью «Строительная компания»;"""5087746237728""";;"""0063.03-2010-7715720000-П-107""";
"""5249002485""";ФКП «Завод имени Я.М. Свердлова» ;г. Дзержинск;;Генеральный директор;Рыбин;Вадим;Евгеньевич;;Действует;;;04.03.2015;;16.01.2012;606002, Нижегородская обл., г. Дзержинск, проспект Свердлова, д. 4;606002, Нижегородская обл., г. Дзержинск, проспект Свердлова, д. 4;(8313) 39-51-44, 39-53-26;36-14-62;ogk@sverdlova.ru;;Федеральное казенное предприятие «Завод имени Я.М. Свердлова»;"""1025201752982""";;"""0067.03-2010-5249002485-П-107""";
"""5257071348""";ООО «НЭКТА» ;г. Нижний Новгород;;Директор;Салатов;Станислав;Олегович;;Действует;;;03.10.2014;;20.11.2012;603059, г. Нижний Новгород, ул. Вольская, д. 2, кв. 14;603059, г. Нижний Новгород, ул. Вольская, д. 2, кв. 14;(831) 433-34-25;;nekta_nn@mail.ru, nat-fl@yandex.ru;;Общество с ограниченной ответственностью «НЭКТА»;"""1055230007051""";;"""0068.03-2010-5257071348-П-107""";
"""5256090933""";ООО «Комплексстрой» ;г. Нижний Новгород;;Директор;Жариков;Александр;Александрович;;Действует;;;28.04.2015;;01.07.2014;603043, г. Нижний Новгород, пр-т Октября, д. 25, пом. П 1.;603043, г. Нижний Новгород, пр-т Октября, д. 25, пом. П 1.;(831) 299-48-54;299-48-54;komplstroy@yandex.ru;;Общество с ограниченной ответственностью «Комплексстрой»;"""1095256005602""";;"""0069.07-2010-5256090933-П-107""";
"""5260236656""";ООО «Волжский Арсенал-НН» ;г. Нижний Новгород;;Директор;Рябов;Михаил;Юрьевич;;Приостановлен;;;03.12.2014;;25.09.2013;603109, г. Нижний Новгород, ул. Гоголя, д. 34;603109, г. Нижний Новгород, ул. Гоголя, д. 34;(831) 434-20-74;434-20-74;arsenal@nnva.ru;;Общество с ограниченной ответственностью «Волжский Арсенал-НН»;"""1085260014542""";;"""0071.03-2010-5260236656-П-107""";
"""5252012162""";ООО «ПСК «Стройбазис» ;г. Павлово;;Директор;Секачев;Евгений;Петрович;;Действует;;;01.08.2014;;06.02.2014;606100, Нижегородская область, г. Павлово, ул. Трудовая, д. 1 «А»..;606100, Нижегородская область, г. Павлово, ул. Трудовая, д. 1 «А»..;(83171) 3-33-72;;strizh@inbox.ru;;Общество с ограниченной ответственностью «Павловская строительная компания «Стройбазис»;"""1025202124276""";;"""0072.03-2010-5252012162-П-107""";
"""7728501020""";ООО «ВАЙФАЙНДЕР» ;г. Москва;;Генеральный директор;Воронцов;Дмитрий;Анатольевич;;Действует;;;01.04.2015;;09.04.2014;117335, г. Москва, ул. Гарибальди, д. 21;117335, г. Москва, ул. Гарибальди, д. 21;(495) 509-30-07;(499)795-28-55;info@wifinder.biz;www.wifinder.biz;Общество с ограниченной ответственностью «ВАЙФАЙНДЕР»;"""1037789043192""";;"""0073.02-2010-7728501020-П-107""";
"""5260125297""";ООО ПНТК «Энергетические технологии» ;г. Нижний Новгород;;Генеральный директор;Самотохин;Алексей;Николаевич;;Действует;;;14.08.2015;;30.07.2013;603022, г. Нижний Новгород, ул. Окский съезд, д. 4, офис 321;603022, г. Нижний Новгород, ул. Окский съезд, д. 4, офис 321;(831) 433-23-55;430-62-76;enerteh@yandex.ru;;Общество с ограниченной ответственностью «Промышленная Научно-Техническая Компания «Энергетические технологии»;"""1035205416597""";;"""0074.03-2010-5260125297-П-107""";
"""5260270449""";ООО «Квартал» ;г. Нижний Новгород;;Директор;Землякова;Галина;Владимировна;;Действует;;;03.07.2014;;22.11.2013;603093, г. Нижний Новгород, ул. Родионова, д. 17, кв. 120;603093, г. Нижний Новгород, ул. Родионова, д. 17, кв. 120;(831) 437-16-53;;GALAZ09@mail.ru;;Общество с ограниченной ответственностью «Квартал»;"""1105260001010""";;"""0076.04-2010-5260270449-П-107""";
"""5260124663""";ООО «Экопромпроект» ;г. Нижний Новгород;;Директор;Мельковский;Дмитрий;Ярославович;;Действует;;;21.11.2014;;28.05.2014;603000, г. Нижний Новгород, ул. Белинского, д. 34, оф. 2;603000, г. Нижний Новгород, ул. Белинского, д. 34, оф. 2;(831) 421-6-216;437-67-67;mail@eco-nn.ru;www.eco-nn.ru;Общество с ограниченной ответственностью «Экопромпроект»;"""1035205415464""";;"""0077.04-2010-5260124663-П-107""";
"""5257093126""";ООО «ТехСоюз» ;г. Нижний Новгород;;Директор;Андриянов;Вадим;Геннадьевич;;Действует;;;19.09.2015;;15.08.2013;603116, г. Нижний Новгород, ул. Генерала Зимина, д. 22, кв. 211;603116, г. Нижний Новгород, ул. Генерала Зимина, д. 22, кв. 211;(831) 275-48-60;;texsoyuz@list.ru;;Общество с ограниченной ответственностью «ТехСоюз»;"""1075257008155""";;"""0078.03-2010-5257093126-П-107""";
"""7841393722""";ООО «Европроект» ;г. Нижний Новгород;;Генеральный директор;Захряпина;Юлия;Алексеевна;;Действует;;;31.07.2015;;01.06.2012;603005, г. Нижний Новгород, ул. Нестерова, д. 9, пом. 809;603005, г. Нижний Новгород, ул. Нестерова, д. 9, пом. 809;(831) 8-950-345-90-43;416-76-69;servicenn21@gmail.com, zaxr.yulia@yandex.ru;;Общество с ограниченной ответственностью «Европроект»;"""1089847335049""";;"""0079.03-2010-7841393722-П-107""";
"""5258056198""";ООО «МОНОЛИТ-Эксперт» ;г. Нижний Новгород;;Директор;Котиков;Илья;Николаевич;;Приостановлен;;;09.07.2015;;05.04.2012;603000, г. Нижний Новгород, ул. Максима Горького, д. 20 А, офис 301;603000, г. Нижний Новгород, ул. Максима Горького, д. 20 А, офис 301;(831) 413-20-90, 413-38-60;434-19-08;monolit@52.ru;;Общество с ограниченной ответственностью «МОНОЛИТ-Эксперт»;"""1055233057395""";;"""0080.03-2010-5258056198-П-107""";
"""5262007563""";ООО «Предприятие «Волгаэко» ;г. Нижний Новгород;;Директор;Семенов;Валентин;Степанович;;Действует;;;09.06.2015;;15.02.2013;603024, г. Нижний Новгород, ул. Белинского, д. 89, кв. 84;603024, г. Нижний Новгород, ул. Белинского, д. 89, кв. 84;(831) 250-08-90;;volgaeko@mail.ru;;Общество с ограниченной ответственностью «Предприятие «Волгаэко»;"""1025203764740""";;"""0081.04-2010-5262007563-П-107""";
"""5257029508""";ЗАО «НПП «АО РАДИОКОМ» ;г. Нижний Новгород;;Генеральный директор;Петяшин;Игорь;Борисович;;Действует;;;17.06.2015;;29.11.2013;603011, г. Нижний Новгород, ул. Чонгарская, д. 44 «а».;603011, г. Нижний Новгород, ул. Чонгарская, д. 44 «а».;(831) 245-13-77;240-31-00;mkp_nnov@mail.ru;;Закрытое акционерное общество «научно-производственное предприятие «АО РАДИОКОМ»;"""1025202391554""";;"""0082.03-2010-5257029508-П-107""";
"""5207003751""";ЗАО «СМУ-77» ;г. Нижний Новгород;;Генеральный директор;Молоканов;Владимир;Анатольевич;;Действует;;;12.07.2015;;20.11.2012;603109, г. Нижний Новгород, ул. Сергиевская, д. 1, пом. П 1;603109, г. Нижний Новгород, ул. Сергиевская, д. 1, пом. П 1;(831) 433-04-40, 433-04-23;433-04-40;smu77@mail.ru;;Закрытое акционерное общество «СМУ-77»;"""1065228014521""";;"""0083.06-2010-5207003751-П-107""";
"""5260002545""";Торгово-промышленная палата Нижегородской области ;г. Нижний Новгород;;Генеральный директор;Краснов;Дмитрий;Германович;;Действует;;;04.06.2014;;06.02.2014;603005, г. Нижний Новгород, пл. Октябрьская, д. 1;603005, г. Нижний Новгород, пл. Октябрьская, д. 1;(831) 419-42-10, 419-44-99;419-40-09;tpp@tpp.nnov.ru;www.tpp.nnov.ru;Торгово-промышленная палата Нижегородской области;"""1025200020086""";;"""0084.03-2010-5260002545-П-107""";
"""5257062801""";ООО «СК «Трансстрой-НН» ;г. Нижний Новгород;;Директор;Шеварнадзе;Давид;Вахтангович;;Действует;;;20.06.2015;;10.02.2012;603108, г. Нижний Новгород, ул. Электровозная, д. 7;603108, г. Нижний Новгород, ул. Электровозная, д. 7;(831) 217-14-53;217-14-53;transstroy-nn@mail.ru;;Общество с ограниченной ответственностью «СК «Трансстрой-НН»;"""1035205007056""";;"""0086.03-2010-5257062801-П-107""";
"""5247016147""";МУП «Выксатеплоэнерго» ;г. Выкса;;Директор;Михеев;Андрей;Александрович;;Действует;;;15.10.2014;;24.04.2014;607060, Нижегородская область, г. Выкса, ул. Ульянова, д.16/1;607060, Нижегородская область, г. Выкса, ул. Ульянова, д.16/1;(83177) 6-02-22, 6-00-74;;vyksateploenergo@yandex.ru;;Муниципальное унитарное предприятие «Выксатеплоэнерго»;"""1035204712014""";;"""0087.03-2010-5247016147-П-107""";
"""5253000836""";МП «Нижегородэлектротранс» ;г. Нижний Новгород;;Генеральный директор;Дранишников;Масим;Владимирович;;Действует;;;22.09.2014;;30.11.2012;603002, г. Нижний Новгород, пл. Революции, д. 7;603002, г. Нижний Новгород, пл. Революции, д. 7;(831) 246-82-90;;nnttе@mts-nn.ru;;Муниципальное предприятие Муниципальное предприятие города Нижнего Новгорода «Нижегородэлектротранс»;"""1025203045834""";;"""0088.02-2010-5253000836-П-107""";
"""5252000350""";ОАО «Павловский автобус» ;г. Павлово;;Управляющий директор;Васильев;Андрей;Владимирович;;Действует;;;30.06.2015;;25.09.2013;606108, Нижегородская обл., г. Павлово, ул. Суворова, д. 1;606108, Нижегородская обл., г. Павлово, ул. Суворова, д. 1;(83171) 2-81-14, 2-82-43;2-84-45;tychinin@paz-bus.ru. sivokhinaeb@paz-bus.ru;www.paz-bus.ru;Открытое акционерное общество «Павловский автобус»;"""1025202121757""";;"""0089.03-2010-5252000350-П-107""";
"""5249098610""";ООО «Дзержинскремстрой» ;г. Дзержинск;;Директор;Цыганов;Алексей;Николаевич;;Действует;;;11.10.2014;;30.10.2013;606000, Нижегородская область, г. Дзержинск, ул. Науки, д. 8 «Б».;606000, Нижегородская область, г. Дзержинск, ул. Науки, д. 8 «Б».;(8313) 31-44-02;;dremstroy@yandex.ru;;Общество с ограниченной ответственностью «Дзержинскремстрой»;"""1085249007470""";;"""0090.02-2010-5249098610-П-107""";
"""5260209081""";ООО «СтройБизнесПроект» ;г.Нижний Новгород;;Директор;Марков;Александр;Владимирович;;Действует;;;17.10.2014;;06.02.2014;603163, г.Нижний Новгород, ул. Лопатина, д. 13, кв. 106;603163, г.Нижний Новгород, ул. Лопатина, д. 13, кв. 106;(831) 437-19-63;;gurumark@rambler.ru;;Общество с ограниченной ответственностью «СтройБизнесПроект»;"""1075260025720""";;"""0091.03-2010-5260209081-П-107""";
"""5243001742""";ОАО «АПЗ» ;г. Арзамас;;Генеральный директор;Лавричев;Олег;Вениаминович;;Действует;;;13.12.2014;;30.12.2013;607220, Нижегородская обл., г. Арзамас, ул. 50 лет ВЛКСМ, д. 8А;607220, Нижегородская обл., г. Арзамас, ул. 50 лет ВЛКСМ, д. 8А;(83147) 7-91-20;7-95-77;apz@aoaapz.com;www.oaoapz.com;Открытое акционерное общество «Арзамасский приборостроительный завод имени П.И.Пландина»;"""1025201334850""";;"""0093.04-2010-5243001742-П-107""";
"""5250022503""";ООО «Проектная мастерская «Центр» ;г. Кстово;;Директор;Дегтярев;Сергей;Вячеславович;;Действует;;;;;25.09.2013;607650, Нижегородская обл., г. Кстово, микрорайон 2-ой , д. 10 А, пом. 3;607650, Нижегородская обл., г. Кстово, микрорайон 2-ой , д. 10 А, пом. 3;(831) 2-788-744;2-50-11;center555@mail.ru;;Общество с ограниченной ответственностью «Проектная мастерская «Центр»;"""1025201987150""";;"""0095.02-2011-5250022503-П-107""";
"""5243014445""";ООО «АРТЕХПРОЕКТ» ;г. Арзамас;;Директор;Вязовова;Светлана;Алексеевна;;Действует;;;07.09.2014;;28.05.2014;607220, Нижегородская обл., г. Арзамас, ул. К.Маркса, д. 7 А, офис 4;607220, Нижегородская обл., г. Арзамас, ул. К.Маркса, д. 7 А, офис 4;(83147) 2-33-66;2-33-88;vyzovova@mail.ru;;Общество с ограниченной ответственностью «АРТЕХПРОЕКТ»;"""1085243002041""";;"""0096.02-2010-5243014445-П-107""";
"""7802439765""";ООО «ЛенРемСтрой» ;г. Нижний Новгород;;Генеральный директор;Суханов;Алексей;Петрович;;Действует;;;13.09.2014;;30.12.2010;603037, г. Нижний Новгород, ул. Торфяная, д. 8 А;603037, г. Нижний Новгород, ул. Торфяная, д. 8 А;(831) 432-15-35;432-50-98;lrs-nn@mail.ru;;Общество с ограниченной ответственностью «ЛенРемСтрой»;"""1089847267509""";;"""0098.02-2010-7802439765-П-107""";
"""5262016649""";ОАО «МЕРА» ;г. Нижний Новгород;;Генеральный директор;Определяков;Геннадий;Александрович;;Действует;;;29.09.2014;;30.12.2013;603089, г. Нижний Новгород, ул. Высоковский проезд, д. 1;603089, г. Нижний Новгород, ул. Высоковский проезд, д. 1;436-66-80, 436-66-60;;info@mera-nnov.ru;www.mera-nnov.ru;Открытое акционерное общество «МЕРА»;"""1025203725414""";;"""0102.03-2010-5262016649-П-107""";
"""5261073436""";ООО «Теплоэлектромонтажпроект» ;г. Нижний Новгород;;Директор;Сахаров;Анатолий;Леонидович;;Действует;;;11.10.2014;;13.04.2012;603141, г. Нижний Новгород, ул. Геологов, д. 9 А;603141, г. Нижний Новгород, ул. Геологов, д. 9 А;(831) 466-22-32, 466-75-71;411-50-66, 466-75-71;temp@renar.nnov.ru, renar@renar.nnov.ru;;Общество с ограниченной ответственностью «Теплоэлектромонтажпроект»;"""1105261003319""";;"""0103.03-2010-5261073436-П-107""";
"""3446017991""";ООО «ПМЗ-РЕГИОН» ;г. Волгоград;;Директор;Морозова;Юлия;Александровна;;Приостановлен;;;06.06.2014;;30.04.2014;400062, г. Волгоград, ул. Михаила Чембарова, д. 12;400062, г. Волгоград, ул. Михаила Чембарова, д. 12;(8443) 34-29-51;;pmz-region@mail.ru;;Общество с ограниченной ответственностью «ПМЗ-РЕГИОН»;"""1053460009162""";;"""0110.03-2010-3446017991-П-107""";
"""7701888531""";ЗАО СПК «ГроссБау» ;г. Москва;;Генеральный директор;Ерохин;Вадим;Юрьевич;;Приостановлен;;;;;18.09.2012;105082, г. Москва, пер. М.Гавриков, д.29/24, стр. 3;105082, г. Москва, пер. М.Гавриков, д.29/24, стр. 3;(495) 921-97-15;;grosbau@gmail.com, lidiasro2010@yandex.ru;;Закрытое акционерное общество «Строительно-проектная компания «ГроссБау»;"""1107746703690""";;"""0111.02-2010-7701888531-П-107""";
"""5260274972""";ОАО «НИИ Проект «Территориальная мастерская № 17» ;г. Нижний Новгород;;Генеральный директор;Жукова;Лидия;Валерьевна;;Действует;;;07.06.2015;;18.01.2013;603000, г. Нижний Новгород, ул. Костина, д. 3, пом. П 53;603000, г. Нижний Новгород, ул. Костина, д. 3, пом. П 53;(831) 220-93-70;;LidiaSRO2010@yandex.ru;;Открытое акционерное общество «НИИ Проект «Территориальная мастерская № 17»;"""1105260004145""";;"""0113.05-2010-5260274972-П-107""";
"""5249064121""";ООО НТО «Энерго Эффект»» ;г. Дзержинск;;Директор;Меркулова;Ольга;Алексеевна;;Действует;;;23.11.2014;;01.08.2013;606034, Нижегородская обл., г. Дзержинск, ул. Патоличева Комбрига, д. 7, кв. 46;606034, Нижегородская обл., г. Дзержинск, ул. Патоличева Комбрига, д. 7, кв. 46;(8313) 32-15-59;;merkulov.energo-effekt@yandex.ru;;Общество с ограниченной ответственностью «Научно-Техническое Объединение «Энерго Эффект»»;"""1025201753598""";;"""0114.03-2010-5249064121-П-107""";
"""5260274651""";ЗАО «СПЕЦУНИВЕРСАЛКОМПЛЕКТ» ;;;Генеральный директор;Пивоваров;Алексей;Иванович;;Действует;;;;;26.04.2013;603001, Г. Нижний Новгород, наб. Нижневолжская, д 16, оф. 15;603001, Г. Нижний Новгород, наб. Нижневолжская, д 16, оф. 15;(831) 431-32-75, 431-33-81;;integra2000@yandex.ru, suk-zao@yandex.ru;;Закрытое акционерное общество «СПЕЦУНИВЕРСАЛКОМПЛЕКТ»;"""1105260003980""";;"""0116.02-2010-5260274651-П-107""";
"""5249076590""";ООО «СТК Стиль» ;г. Дзержинск;;Генеральный директор;Бохан;Александр;Валерьевич;;Действует;;;31.10.2014;;07.09.2011;606029, Нижегородская обл., г. Дзержинск, ул. Петрищева, д. 2, оф 178;606029, Нижегородская обл., г. Дзержинск, ул. Петрищева, д. 2, оф 178;(8313) 23-33-30;;stkstil@mail.ru;;Общество с ограниченной ответственностью «СТК Стиль»;"""1055216529356""";;"""0117.02-2010-5249076590-П-107""";
"""5258066647""";ООО «СКАЛА» ;г. Нижний Новгород;;Директор Круглова;(Козяева);Елена;Семеновна;;Действует;;;24.11.2014;;27.12.2012;603029, г. Нижний Новгород, ул. Памирская, д. 11;603029, г. Нижний Новгород, ул. Памирская, д. 11;(831) 417-71-63, 467-30-26;;forgod@bk.ru, Skala-55@bk.ru;;Общество с ограниченной ответственностью Общество с ограниченной ответственностью «СКАЛА»;"""1075258000487""";;"""0118.02-2010-5258066647-П-107""";
"""5259072234""";ООО «ВентСтрой-НН» ;г. Нижний Новгород;;Директор;Снежницкая;Инна;Викторовна;;Действует;;;07.12.2014;;18.01.2013;603167, г. Нижний Новгород, ул. Чебоксарская, д. 9;603167, г. Нижний Новгород, ул. Чебоксарская, д. 9;(831) 412-95-70;;ventstroi-nn@mail.ru;;Общество с ограниченной ответственностью «ВентСтрой-НН»;"""1075259008384""";;"""0119.02-2010-5259072234-П-107""";
"""7713594857""";ООО «Ремстрой» ;г. Москва;;Генеральный директор;Жаров;Андрей;Викторович;;Действует;;;15.12.2014;;28.11.2012;127550, г. Москва, Дмитровскмое шоссе, д. 27, корп. 1;127550, г. Москва, Дмитровскмое шоссе, д. 27, корп. 1;(496) 577-07-55;579-06-21;remstroy07@mail.ru;;Общество с ограниченной ответственностью «Ремстрой»;"""5067746369521""";;"""0121.02-2010-7713594857-П-107""";
"""5257085291""";ООО «СтройСервис» ;г. Нижний Новгород;;Генеральный директор;Асташкин;Павел;Александрович;;Действует;;;22.11.2014;;24.04.2014;603033, г. Нижний Новгород, ул. Архангельская, д. 7А, кв. 15;603033, г. Нижний Новгород, ул. Архангельская, д. 7А, кв. 15;(831) 220-97-97;220-97-97;ss152@bk.ru;;Общество с ограниченной ответственностью «СтройСервис»;"""1065257063156""";;"""0122.02-2011-5257085291-П-107""";
"""5260292202""";ООО «ФИРМА «СС Проект» ;г. Нижний Новгород;;Генеральный директор;Сомова;Людмила;Львовна;;Действует;;;19.01.2015;;15.01.2013;603005, г. Нижний Новгород, ул. Ульянова, д. 26/11;603005, г. Нижний Новгород, ул. Ульянова, д. 26/11;(831) 275-82-05;275-82-01;sspr@sinn.ru;;Общество с ограниченной ответственностью «ФИРМА «СС Проект»;"""1105260017048""";;"""0123.03-2011-5260292202-П-107""";
"""5260258360""";ООО «СПЕЦЭЛЕКТРОСТРОЙ» ;г. Нижний Новгород;;Директор;Семенов;Алексей;Александрович;;Действует;;;;;30.11.2012;603109, г. Нижний Новгород, ул. Ильинская, д. 23 б, кв. 14.;603109, г. Нижний Новгород, ул. Ильинская, д. 23 б, кв. 14.;(831) 228-03-90;228-59-91;ses49@mail.ru ekses74@mail.ru;;Общество с ограниченной ответственностью «СПЕЦЭЛЕКТРОСТРОЙ»;"""1095260007963""";;"""0125.02-2011-5260258360-П-107""";
"""5261073404""";ООО «АП Групп» ;г. Нижний Новгород;;Генеральный директор;Алисейко;Николай;Васильевич;;Действует;;;02.02.2015;;29.03.2013;603137, г. Нижний Новгород, пр. Гагарина, д. 178;603137, г. Нижний Новгород, пр. Гагарина, д. 178;(831) 457-97-76;8-83145-798-52;ap-group@bk.ru;;Общество с ограниченной ответственностью «АП Групп»;"""1105261003286""";;"""0126.02-2011-5261073404-П-107""";
"""5243027846""";ООО «НовоТех» ;г. Арзамас;;Директор;Лапшинов;Константин;Николаевич;;Действует;;;12.09.2015;;13.08.2014;607220, Нижегородская обл., г. Арзамас, ул. Красный путь, д. 10А;607220, Нижегородская обл., г. Арзамас, ул. Красный путь, д. 10А;(83147) 2-31-64;;arz-novotex@mail.ru;;Общество с ограниченной ответственностью «НовоТех»;"""1105243000235""";;"""0127.05-2011-5243027846-П-107""";
"""5247017447""";ООО «Спецремстрой» ;г. Саров;;Директор;Едков;Александр;Алексеевич;;Приостановлен;;;;;16.07.2013;607181, Нижегородская обл., г. Саров, ул. Московская, д. 2, стр. 70;607181, Нижегородская обл., г. Саров, ул. Московская, д. 2, стр. 70;(83130) 2-48-63;8-904-399-34-70;srspecremstroy@bk.ru;;Общество с ограниченной ответственностью «Спецремстрой»;"""1055213505236""";;"""0128.02-2011-5247017447-П-107""";
"""5260294520""";ООО «ВВС» ;г. Нижний Новгород;;Директор;Сенников;Леонид;Михайлович;;Действует;;;11.03.2015;;06.10.2014;603108, г. Нижний Новгород, ул. Кузбасская, д. 17 А;603108, г. Нижний Новгород, ул. Кузбасская, д. 17 А;(831) 224-23-76;;senl@volgas.ru , info@volgas.ru;;Общество с ограниченной ответственностью «ВВС»;"""1115260001383""";;"""0129.05-2011-5260294520-П-107""";
"""9909249016""";ООО «ФАВЕА инжиниринг с.р.о.» ;г. Нижний Новгород;;Директор;Андрианов;Алексей;Геннадьевич;;Действует;;;23.03.2015;;31.05.2013;603003, г. Нижний Новгород, ул. Коминтерна, д. 139, оф. 201;603003, г. Нижний Новгород, ул. Коминтерна, д. 139, оф. 201;(831) 218-01-77;;aag@favea.ch;www.favea.ch;Общество с ограниченной ответственностью «ФАВЕА инжиниринг с.р.о.»;"""__""";;"""0132.02-2011-9909249016-П-107""";
"""5260275535""";ООО «СтройАльянс» ;г. Нижний Новгород;;Генеральный директор;Смирнов;Максим;Игоревич;;Приостановлен;;;;;03.04.2014;603002, г. Нижний Новгород, ул. Рождественская, д. 20, П 2;603002, г. Нижний Новгород, ул. Рождественская, д. 20, П 2;(831) 274-85-50, 248-37-17, 274-85-52;;tpst@bk.ru;;Общество с ограниченной ответственностью «СтройАльянс»;"""1105260004640""";;"""0136.03-2011-5260275535-П-107""";
"""5260167226""";ООО «ПневмоОптика» ;г. Нижний Новгород;;Директор;Парутов;Андрей;Михайлович;;Действует;;;25.04.2015;;28.06.2013;603155, г. Нижний Новгород, ул. Провиантская, д. 6;603155, г. Нижний Новгород, ул. Провиантская, д. 6;(831) 463-62-55;463-62-33;Рarutov@oks.sandy.ru, im@oks.sandy.ru;;Общество с ограниченной ответственностью «ПневмоОптика»;"""1065260060799""";;"""0137.02-2011-5260167226-П-107""";
"""5260109792""";ООО «Торнадо» ;г. Нижний Новгород;;Генеральный директор;Овчинников;Александр;Викторович;;Действует;;;20.04.2015;;06.06.2012;603005, г. Нижний Новгород, ул. Алексеевская, д. 15/14, оф. 23;603005, г. Нижний Новгород, ул. Алексеевская, д. 15/14, оф. 23;(831) 433-37-45;433-61-71;tornado@tornado-nn.ru;;Общество с ограниченной ответственностью «Торнадо»;"""1025203021425""";;"""0139.03-2011-5260109792-П-107""";
"""5257002344""";ООО Предприятие «ПИК» ;г. Нижний Новгород;;Директор;Чкалин;Валерий;Александрович;;Действует;;;;;19.04.2013;603116, г. Нижний Новгород, ул. Тонкинская, д. 7А, пом. 1;603116, г. Нижний Новгород, ул. Тонкинская, д. 7А, пом. 1;(831) 412-96-41;412-96-48;pik-nn@rambler.ru;;Общество с ограниченной ответственностью «Предприятие «ПИК»»;"""1025202409429""";;"""0140.03-2011-5257002344-П-107""";
"""5262099395""";ООО «Экопромбезопасность» ;г. Нижний Новгород;;Генеральный директор;Смирнов;Дмитрий;Алексеевич;;Действует;;;31.05.2014;;29.11.2013;603155, г. Нижний Новгород, ул. Большая Печерская, д. 26, оф. 805 А;603155, г. Нижний Новгород, ул. Большая Печерская, д. 26, оф. 805 А;(831) 437-30-10;435-25-75;inform@ecoprom.info;www.ecoprom.info;Общество с ограниченной ответственностью «Экопромбезопасность»;"""1025203750483""";;"""0144.05-2011-5262099395-П-107""";
"""5260063530""";ООО «Волго-Вятская строительная компания» ;г. Нижний Новгород;;Генеральный директор;Базанков;Александр;Борисович;;Действует;;;11.07.2015;;20.01.2012;603006, г. Нижний Новгород, ул. Решетниковская, д. 4;603006, г. Нижний Новгород, ул. Решетниковская, д. 4;(831) 437-77-17;437-77-16;info@vvsk.ru. pto@vvsk.ru;;Общество с ограниченной ответственностью «Волго-Вятская строительная компания»;"""1025203013120""";;"""0145.02-2011-5260063530-П-107""";
"""5260151265""";ООО «ЛАНИТ-Поволжье» ;г. Нижний Новгород;;Генеральный директор;Дубенков;Сергей;Иванович;;Действует;;;03.07.2015;;27.02.2013;603093, г. Нижний Новгород, ул. Родионова, д. 23, оф. 615;603093, г. Нижний Новгород, ул. Родионова, д. 23, оф. 615;(831) 461-91-31;461-91-47;nn@lanit.ru;;Общество с ограниченной ответственностью «ЛАНИТ-Поволжье»;"""1055238069105""";;"""0147.02-2011-5260151265-П-107""";
"""7726673986""";ООО «АРХПРОЕКТ» ;г. Москва;;Генеральный директор;Кравцов;Александр;Александрович;;Приостановлен;;;10.06.2014;;30.03.2012;117534, г. Москва, ул. Академика Янгеля, д. 8А;117534, г. Москва, ул. Академика Янгеля, д. 8А;8-926-352-21-31;;apxproekt@gmail.com, alexk1@mail.ru;;Общество с ограниченной ответственностью «АРХПРОЕКТ»;"""1117746271103""";;"""0148.02-2011-7726673986-П-107""";
"""5256103269""";ООО «Расчетно Проектная Компания» ;г. Нижний Новгород;;Директор;Удачина;Антонина;Владимировна;;Действует;;;15.07.2015;;25.09.2013;603004, г. Нижний Новгород, пр-т Кирова, д. 1, корп. 1, оф. 19;603004, г. Нижний Новгород, пр-т Кирова, д. 1, корп. 1, оф. 19;(831) 423-03-13, 8-920-015-01-59;;"rusinoma@mail.ru; yrista.net@mail.ru";;Общество с ограниченной ответственностью «Расчетно Проектная Компания»;"""1115256004181""";;"""0149.04-2011-5256103269-П-107""";
"""6731071801""";ООО «Русь-Телеком» ;г. Смоленск;;Директор;Зотолокин;Виталий;Николаевич;;Действует;;;20.07.2015;;22.09.2011;214019, г. Смоленск, проезд Маршала Конева, д. 29;214019, г. Смоленск, проезд Маршала Конева, д. 29;(4812) 35-18-92;;efremenkova@rus-telekom.ru;;Общество с ограниченной ответственностью «Русь-Телеком»;"""1086731015172""";;"""0150.02-2011-6731071801-П-107""";
"""5256103879""";ООО «Арсенал-Строй НН» ;г. Нижний Новгород;;Директор;Ладыгин;Сергей;Борисович;;Приостановлен;;;12.07.2014;;29.11.2013;603004, г. Нижний Новгород, ул. Юлиуса Фучика, д. 6Б;603004, г. Нижний Новгород, ул. Юлиуса Фучика, д. 6Б;88977419398;;a2009a@mail.ru;;Общество с ограниченной ответственностью «Арсенал-Строй НН»;"""1115256004830""";;"""0151.02-2011-5256103879-П-107""";
"""5053052724""";ООО «АСУ-Энерго» ;г. Электросталь;;Генеральный директор;Соловьев;Юрий;Александрович;;Действует;;;14.09.2014;;16.07.2014;144001, Московская область, г. Электросталь, Строительный пер.. д.9;144001, Московская область, г. Электросталь, Строительный пер.. д.9;(496) 576-47-68;;22.tosya@mail.ru;;Общество с ограниченной ответственностью «АСУ-Энерго»;"""1075053003827""";;"""0153.02-2011-5053052724-П-107""";
"""5256069699""";ООО «Энергия» ;г. Нижний Новгород;;Директор;Маслихин;Сергей;Николаевич;;Действует;;;11.09.2015;;07.09.2011;603146, г. Нижний Новгород, ул. Бекетова, д. 67;603146, г. Нижний Новгород, ул. Бекетова, д. 67;(831) 290-48-31;;energy_nn@mail.ru. energypto07@mail.ru;;Общество с ограниченной ответственностью «Энергия»;"""1075256005450""";;"""0154.01-2011-5256069699-П-107""";
"""7705843588""";ООО «ТехПроектСити» ;г. Москва;;Генеральный директор;Скосырев;Николай;Игоревич;;Действует;;;24.08.2015;;25.09.2013;113114, г. Москва, ул. Кожевническая, д. 8/4, стр. 1;113114, г. Москва, ул. Кожевническая, д. 8/4, стр. 1;(831) 278-90-78;;burkova-ssk@mail.ru;;Общество с ограниченной ответственностью «ТехПроектСити»;"""1087746671726""";;"""0155.02-2011-7705843588-П-107""";
"""5249114950""";ООО «ТеплоГазПроект» ;г. Дзержинск;;Директор;Посаженников;Владимир;Иванович;;Действует;;;01.09.2015;;31.05.2013;606023, Нижегородская обл., г. Дзержинск, ул. Гайдара, д. 10;606023, Нижегородская обл., г. Дзержинск, ул. Гайдара, д. 10;(8313) 366-122? 310-220;;ximpribor@mail.ru;;Общество с ограниченной ответственностью «ТеплоГазПроект»;"""1115249007961""";;"""0156.02-2011-5249114950-П-107""";
"""5262256337""";ЗАО «Спецремэнерго-НН» ;г. Нижний Новгород;;Генеральный директор;Маслов;Олег;Николаевич;;Действует;;;16.10.2014;;22.09.2011;603115, г. Нижний Новгород, ул. Ошарская, д. 61 А;603115, г. Нижний Новгород, ул. Ошарская, д. 61 А;(831) 428-88-20;428-43-43;sre-nn@mail.ru;;Закрытое акционерное общество «Спецремэнерго-НН»;"""1105262008477""";;"""0160.01-2011-5262256337-П-107""";
"""5254000846""";ООО «Архпроект» ;г. Саров;;Директор;Ястребов;Геннадий;Иванович;;Приостановлен;;;01.06.2014;;08.11.2013;607188, Нижегородская обл., г. Саров, ул. Курчатова, д. 3, оф. 304;607188, Нижегородская обл., г. Саров, ул. Курчатова, д. 3, оф. 304;(83130) 5-62-85;5-62-85;s8313074134@yandex.ru;;Общество с ограниченной ответственностью «Архпроект»;"""1025202204279""";;"""0161.02-2011-5254000846-П-107""";
"""7810588104""";ООО «Региональное СМУ» ;г. Санкт-Петербург;;Генеральный директор;Ткаченко;Владимир;Юрьевич;;Действует;;;13.11.2014;;30.12.2013;197101, г. Санкт-Петербург, ул. Чапаева, д. 15, литер А, часть пом. 29 Н, комн. 14-19;197101, г. Санкт-Петербург, ул. Чапаева, д. 15, литер А, часть пом. 29 Н, комн. 14-19;(812) 332-96-48;332-96-42;info@r-smu.ru;www.r-smu.ru;Общество с ограниченной ответственностью «Региональное строительно-монтажное управление»;"""1107847143348""";;"""0162.05-2011-7810588104-П-107""";
"""5260211637""";ООО «Инвест-Менеджмент» ;г. Нижний Новгород;;Генеральный директор;Погодин;Андрей;Вячеславович;;Действует;;;12.11.2014;;14.02.2012;603001, г. Нижний Новгород, ул. Рождественская, д. 28А, кв. 8;603001, г. Нижний Новгород, ул. Рождественская, д. 28А, кв. 8;(831) 278-57-56;278-57-55;main@uni-nn.ru;;Общество с ограниченной ответственностью «Инвест-Менеджмент»;"""1075260027380""";;"""0163.02-2011-5260211637-П-107""";
"""7714715110""";ЗАО «ЦРТ сервис» ;г. Москва;;Генеральный директор;Толстой;Анатолий;Николаевич;;Действует;;;28.01.2015;;28.05.2014;121087, г. Москва, ул. Барклая, д. 6, стр. 3;121087, г. Москва, ул. Барклая, д. 6, стр. 3;(495) 787-45-00;;Ylitvinov@crt-service.ru, elena.kichigina@maykor.com;;Закрытое акционерное общество «Централизованный региональный технический сервис»;"""1077761471094""";;"""0164.02-2011-7714715110-П-107""";
"""5262237077""";ЗАО «Озон» ;г. Нижний Новгород;;Генеральный директор;Данилов;Роман;Рудинович;;Действует;;;09.10.2014;;10.11.2011;603104, г. Нижний Новгород, ул. Нартова, д. 6, копр. 6, оф. 412;603104, г. Нижний Новгород, ул. Нартова, д. 6, копр. 6, оф. 412;(831) 277-85-58, 245-20-86, 245-23-26;245-82-88, 245-01-96;ozon@ozon-nn.ru;;Закрытое акционерное общество «Озон»;"""1095262000921""";;"""0165.01-2011-5262237077-П-107""";
"""5235005609""";ООО «Энком» ;г. Урень;;Директор;Тихомирова;Александра;Алексеевна;;Действует;;;06.02.2015;;18.11.2011;606800, Нижегородская обл., г. Урень, ул. Ленина, д. 149;606800, Нижегородская обл., г. Урень, ул. Ленина, д. 149;(83154) 2-14-10;;chirkov@enunn.ru, a.tichomirova@mail.ru;;Общество с ограниченной ответственностью «Энком»;"""1075235000213""";;"""0166.01-2011-5235005609-П-107""";
"""5258072200""";ООО «Промавтоматика-Монтаж» ;г. Нижний Новгород;;Генеральный директор;Егорычев;Сергей;Михайлович;;Действует;;;02.12.2014;;21.11.2011;603140, г. Нижний Новгород, пр. Ленина, д. 27, корп. 1;603140, г. Нижний Новгород, пр. Ленина, д. 27, корп. 1;(831) 245-04-36, 414-44-48;;egorychev_s@mail.ru;;Общество с ограниченной ответственностью «Промавтоматика-Монтаж»;"""1075258008748""";;"""0168.01-2011-5258072200-П-107""";
"""4345035611""";ООО «Безопасность и техника» ;г. Киров;;Генеральный директор;Солодянкин;Андрей;Анатольевич;;Действует;;;09.09.2015;;08.02.2013;610017, г. Киров, ул. Маклина, д. 36, пом. № 1001;610017, г. Киров, ул. Маклина, д. 36, пом. № 1001;(8332) 54-15-10/54-50-18;54-15-10/54-50-18;wlion@wlion.kirov.ru;wlion.kirov.ru;Общество с ограниченной ответственностью «Безопасность и техника»;"""1034316537210""";;"""0170.02-2011-4345035611-П-107""";
"""5262213132""";ООО «Компания «КвадроСтрой» ;г. Нижний Новгород;;Генеральный директор;Чернышов;Николай;Александрович;;Действует;;;30.12.2014;;27.01.2012;603105, г. Нижний Новгород, ул. Ошарская, д. 69, оф. 501;603105, г. Нижний Новгород, ул. Ошарская, д. 69, оф. 501;(831) 415-94-79;464-41-66;kvadroS07@mail.ru;;Общество с ограниченной ответственностью «Компания «КвадроСтрой»»;"""1075262013331""";;"""0173.01-2012-5262213132-П-107""";
"""5261073034""";ООО «Гео-Стандарт НН» ;г. Нижний Новгород;;Генеральный директор;Усачева;Елена;Александровна;;Действует;;;02.11.2014;;31.01.2012;603009, г. Нижний Новгород, ул. Углова, д. 6, пом. 2;603009, г. Нижний Новгород, ул. Углова, д. 6, пом. 2;(831) 220-51-29;;Ksu737@mail.ru;;Общество с ограниченной ответственностью «Гео-Стандарт НН»;"""1105261002901""";;"""0175.01-2012-5261073034-П-107""";
"""7728765199""";ЗАО «Густоффлайн» ;г. Москва;;Директор;Белов;Дмитрий;Анатольевич;;Действует;;;;;30.04.2013;117485, г. Москва, ул. Профсоюзная, д. 98, корп. 11;117485, г. Москва, ул. Профсоюзная, д. 98, корп. 11;(495) 924-05-76;;gustoff@gmail.ru, lidiasro2010@yandex.ru;;Закрытое акционерное общество «Густоффлайн»;"""1117746154624""";;"""0176.02-2012-7728765199-П-107""";
"""5260162186""";ООО «Инбитек-Телеком» ;г. Нижний Новгород;;Генеральный директор;Вилков;Сергей;Александрович;;Действует;;;15.03.2015;;29.02.2012;603000, г. Нижний Новгород, ул. Ильинская, д. 80 В;603000, г. Нижний Новгород, ул. Ильинская, д. 80 В;(831) 244-99-44;245-87-31;inbtech@mail.ru, info@inbitek-telekom.ru;;Общество с ограниченной ответственностью «Инбитек-Телеком»;"""1055233097105""";;"""0177.01-2012-5260162186-П-107""";
"""5257009773""";ООО «Комбета-Н» ;г. Нижний Новгород;;Директор;Щаев;Олег;Иванович;;Действует;;;02.03.2015;;03.09.2012;603029, г. Нижний Новгород, ул. Памирская, д. 11;603029, г. Нижний Новгород, ул. Памирская, д. 11;(831) 220-56-68;220-56-23;info@combeta.nnov.ru;;Общество с ограниченной ответственностью «Комбета-Н»;"""1025202406965""";;"""0179.02-2012-5257009773-П-107""";
"""7717714273""";ОАО «СК «СТРОМИР» ;г. Москва;;Генеральный директор;Анастасьев;Сергей;Иванович;;Приостановлен;;;01.03.2015;;09.09.2013;129164, г. Москва, проспект Мира, д. 118, пом. 1, комн. 1.;129164, г. Москва, проспект Мира, д. 118, пом. 1, комн. 1.;(495) 924-89-40;;stromir.jsc@gmail.com;;Открытое акционерное общество «Строительная Компания «СТРОМИР»;"""1117746992450""";;"""0181.03-2012-7717714273-П-107""";
"""5260311695""";ООО «Архитектор» ;г. Нижний Новгород;;Директор;Гузнов;Александр;Викторович;;Приостановлен;;;30.04.2015;;20.03.2012;603005, г. Нижний Новгород, ул. Алексеевская, д. 18, к.2;603005, г. Нижний Новгород, ул. Алексеевская, д. 18, к.2;8-905-014-06-91;;arhitektor.2012@yandex.ru, lidiasro2010@yandex.ru;;Общество с ограниченной ответственностью «Архитектор»;"""1115260019148""";;"""0182.01-2012-5260311695-П-107""";
"""5260156707""";ООО «Электронные системы безопасности» ;г. Нижний Новгород;;Директор;Мирина;Юлия;Александровна;;Действует;;;10.04.2015;;30.11.2012;603024, г. Нижний Новгород, пер. Бойновский, д. 22, лит. 1 Б;603024, г. Нижний Новгород, пер. Бойновский, д. 22, лит. 1 Б;(831) 415-12-29, 437-16-25;437-16-25;imil-nn@mail.ru;;Общество с ограниченной ответственностью «Электронные системы безопасности»;"""1055238128395""";;"""0183.02-2012-5260156707-П-107""";
"""5259092135""";ООО «Айком» ;г. Нижний Новгород;;Директор;Волков;Сергей;Юрьевич;;Действует;;;14.03.2015;;03.04.2014;603074, г. Нижний Новгород, ул.Зеленодольская, д. 12, оф. 202;603074, г. Нижний Новгород, ул.Зеленодольская, д. 12, оф. 202;(831) 437-29-24, 437-29-26;437-29-24;aicom.nn@mail.ru;;Общество с ограниченной ответственностью «Айком»;"""1105259006280""";;"""0184.02-2012-5259092135-П-107""";
"""7715609837""";ООО «ПИК «Техпроектбезопасность» ;г. Москва;;Генеральный директор;Овчарук;Александр;Федорович;;Действует;;;06.02.2015;;21.02.2013;127018, г. Москва, 3-й проезд Марьиной Рощи, д. 40, стр. 1;127018, г. Москва, 3-й проезд Марьиной Рощи, д. 40, стр. 1;(495) 645-23-15, 645-24-29;645-24-87;info@pik-tpb.ru;;Общество с ограниченной ответственностью «Проектная инженерная компания «Техпроектбезопасность»;"""1067746834870""";;"""0186.03-2012-7715609837-П-107""";
"""5053031481""";ООО «Электростальгражданпроект» ;г. Электросталь;;Генеральный директор;Поляков;Игорь;Валентинович;;Действует;;;17.06.2015;;05.09.2014;144001, Московская обл., г. Электросталь, ул. Октябрьская, д. 38;144001, Московская обл., г. Электросталь, ул. Октябрьская, д. 38;(496) 575-02-46;575-63-33;eqp1702@gmail.com;;Общество с ограниченной ответственностью «Электростальгражданпроект»;"""1125053001006""";;"""0187.02-2012-5053031481-П-107""";
"""5259008768""";ОАО «Нижегородский машиностроительный завод» ;г. Нижний Новгород;;Заместитель генерального директора - главный инженер;Михеев;Владимир;Генадьевич;;Действует;;;16.03.2015;;17.04.2012;603052, г. Нижний Новгород, Сормовское шоссе, д. 21;603052, г. Нижний Новгород, Сормовское шоссе, д. 21;"(831) 249-82-54; 224-22-05; 224-16-85; 249-81-30";;nmz@kis.ru, olga.lyadkova@mail.ru;jscnmz.ru;Открытое акционерное общество «Нижегородский машиностроительный завод»;"""1025002832434""";;"""0188.01-2012-5259008768-П-107""";
"""5257009364""";ООО Фирма «Магистраль» ;г. Нижний Новгород;;Генеральный директор;Косарев;Роман;Валерьевич;;Действует;;;21.01.2015;;20.04.2012;603002, г. Нижний Новгород, ул. Совнаркомовская, д. 25;603002, г. Нижний Новгород, ул. Совнаркомовская, д. 25;(83170) 6-20-70, 6-20-77;;torgi@firma-magistral.ru , ooo@firma-magistral.ru;;Общество с ограниченной ответственностью «Фирма «Магистраль»;"""1025202393985""";;"""0189.01-2012-5257009364-П-107""";
"""7804425990""";ООО «Проект-Строй» ;г. Москва;;Генеральный директор;Тамбовцев;Павел;Александрович;;Действует;;;;;15.02.2013;121087, г. Москва, Береговой проезд, д. 7, корп. 1, оф. 1;121087, г. Москва, Береговой проезд, д. 7, корп. 1, оф. 1;8-925-504-99-07;;proektstroj@bk.ru;;Общество с ограниченной ответственностью «Проект-Строй»;"""1097847327753""";;"""0190.02-2012-7804425990-П-107""";
"""5257122521""";ООО «Газораспределение Нижний Новгород» ;г. Нижний Новгород;;Генеральный директор;Маслов;Леонид;Алексеевич;;Действует;;;25.04.2015;;02.05.2012;603116, г. Нижний Новгород, ул. Гордеевская, д. 59А;603116, г. Нижний Новгород, ул. Гордеевская, д. 59А;(831) 277-11-16, 280-81-79;;gazrp@bk.ru;www.gazrp.ru;Общество с ограниченной ответственностью «Газораспределение Нижний Новгород»;"""1115257003454""";;"""0191.01-2012-5257122521-П-107""";
"""5259063600""";ООО «ИСК «Сокольники» ;г. Нижний Новгород;;Директор;Колесина;Светлана;Семеновна;;Действует;;;27.04.2015;;18.05.2012;603014, г. Нижний Новгород, ул. 50-летия Победы, д. 22;603014, г. Нижний Новгород, ул. 50-летия Победы, д. 22;(831) 225-09-02;;info@sokolniki-nn.ru, urist@sokolniki-nn.ru;www.sokolniki-nn.ru;Общество с ограниченной ответственностью «Инвестиционно-строительная компания «Сокольники»;"""1065259042530""";;"""0192.01-2012-5259063600-П-107""";
"""7707273421""";ЗАО «ЦТК-ЕВРО» ;г. Москва;;Генеральный директор;Валитов;Алмаз;Марсельевич;;Действует;;;06.06.2014;;21.02.2013;142730, г. Москва, Сосенское поселение, населенный пункт ж/к «Дубровка», ул. Сосновая, стр. 5;142730, г. Москва, Сосенское поселение, населенный пункт ж/к «Дубровка», ул. Сосновая, стр. 5;(495) 661-95-28;661-95-08;sorbe64@mail.ru, lidiasro2010@yandex.ru, lizka64@mail.ru;;Закрытое акционерное общество «ЦТК-ЕВРО»;"""1027700579500""";;"""0194.02-2012-7707273421-П-107""";
"""5262261457""";ООО «КвантЭнерго НН» ;г. Нижний Новгород;;Директор;Еремин;Тимур;Анатольевич;;Действует;;;29.07.2015;;17.07.2012;603105, г. Нижний Новгород, ул. Полтавская, д. 37, пом. П 7;603105, г. Нижний Новгород, ул. Полтавская, д. 37, пом. П 7;(8313) 28-55-31;;kvantenergonn@mail.ru;www.kvantenergonn.ru;Общество с ограниченной ответственностью «КвантЭнерго НН»;"""1115262002096""";;"""0195.01-2012-5262261457-П-107""";
"""7708752794""";ООО «СтройБизнесПроект» ;г. Москва;;Генеральный директор;Жадан;Алксандр;Васильевич;;Действует;;;01.09.2015;;25.07.2012;107045, г. Москва, Даев переулок, д. 6, неж. пом. 2, комн. 5;107045, г. Москва, Даев переулок, д. 6, неж. пом. 2, комн. 5;(495) 785-35-44;785-35-44;stroybuisnessproekt@bk.ru, kiv-10@yandex.ru;;Общество с ограниченной ответственностью «СтройБизнесПроект»;"""5117746021586""";;"""0196.01-2012-7708752794-П-107""";
"""5262144619""";ООО «Стройавтоматика-Плюс» ;г. Нижний Новгород;;Директор;Быков;Евгений;Александрович;;Действует;;;03.08.2015;;16.07.2013;603106, г. Нижний Новгород, ул. Надежды Сусловой, д. 25;603106, г. Нижний Новгород, ул. Надежды Сусловой, д. 25;(831) 419-55-31;;stroika-ooo@rambler.ru;;Общество с ограниченной ответственностью «Стройавтоматика-Плюс»;"""1055248170009""";;"""0197.03-2012-5262144619-П-107""";
"""3327328282""";ОАО «Владимирское землеустроительное проектно-изыскательское предприятие» ;г. Владимир;;Генеральный директор;Мищенко;Татьяна;Анатольевна;;Приостановлен;;;;;23.08.2012;600003, г. Владимир, ул. Диктора Левитана, д. 27 а;600003, г. Владимир, ул. Диктора Левитана, д. 27 а;54-33-67. 44-08-78;;vladzem@mail.ru;;Открытое акционерное общество «Владимирское землеустроительное проектно-изыскательское предприятие»;"""1033301816151""";;"""0198.01-2012-3327328282-П-107""";
"""5260341410""";ООО «Диай-проджект» ;г. Нижний Новгород;;Директор;Котихина;Светлана;Юрьевна;;Действует;;;17.10.2014;;18.10.2012;603006, г. Нижний Новгород, ул. Ошарская, д. 16, П. 8;603006, г. Нижний Новгород, ул. Ошарская, д. 16, П. 8;(831) 296-06-20;296-06-44;renessans@sandy.ru mail@di-project.com;;Общество с ограниченной ответственностью «Диай-проджект»;"""1125260014626""";;"""0199.01-2012-5260341410-П-107""";
"""7714843697""";ООО «ЦЕНТРРЕМСТРОЙ» ;г. Москва;;Генеральный директор;Иванов;Сергей;Александрович;;Действует;;;;;30.04.2013;107140, г. Москва, 1-й Красносельский переулок, д. 3, пом. I, ком. 75;107140, г. Москва, 1-й Красносельский переулок, д. 3, пом. I, ком. 75;(495) 998-93-35;;centrremstroy@gmail.ru, lidiasro2010@yandex.ru;;Общество с ограниченной ответственностью «ЦЕНТРРЕМСТРОЙ»;"""1117746503841""";;"""0201.02-2012-7714843697-П-107""";
"""5240000250""";ООО «Строй энерго сервис» ;п. Сокольское;;Генеральный директор;Частухин;Михаил;Викторович;;Действует;;;27.01.2015;;27.12.2012;606670, Нижегородская обл., п. Сокольское, ул. Калинина, д. 3;606670, Нижегородская обл., п. Сокольское, ул. Калинина, д. 3;(83137) 2-18-04;;mihsasok1@rambler.ru;;Общество с ограниченной ответственностью «Строй энерго сервис»;"""1125248003836""";;"""0202.01-2012-5240000250-П-107""";
"""5261039097""";ЗАО «Энерготехнология» ;г. Нижний Новгород;;Генеральный директор;Иванов;Сергей;Александрович;;Действует;;;24.01.2015;;30.04.2013;603009, г. Нижний Новгород, пр. Гагарина, д. 39;603009, г. Нижний Новгород, пр. Гагарина, д. 39;(831) 216-02-09;;office@energotechnology.ru;;Закрытое акционерное общество «Энерготехнология»;"""1035205646740""";;"""0203.02-2013-5261039097-П-107""";
"""5261077832""";ОАО Корпорация «Бриз-Комфорт» ;г. Нижний Новгород;;Директор;Доронин;Сергей;Александрович;;Действует;;;14.03.2015;;21.03.2013;603152, г. Нижний Новгород, ул. Петровского, д. 5 А;603152, г. Нижний Новгород, ул. Петровского, д. 5 А;(831) 220-90-00,278-54-22;;briz@r52.ru;www.briz.r52.ru;Открытое акционерное общество «Корпорация «Бриз-Комфорт»;"""1115261005892""";;"""0204.01-2013-5261077832-П-107""";
"""7728528818""";ООО «Проектный центр Энерго» ;г. Москва;;Генеральный директор;Зайцев;Александр;Иванович;;Действует;;;31.10.2014;;23.05.2013;125190, г. Москва, Ленинградский пр., д. 80, корп. 66;125190, г. Москва, Ленинградский пр., д. 80, корп. 66;(495) 980-80-00;780-46-05;pc-energo@pc-energo.ru;www.pc-energo.ru;Общество с ограниченной ответственностью «Проектный центр Энерго»;"""1047796833413""";;"""0206.01-2013-7728528818-П-107""";
"""3731028511""";ЗАО «ИВЭНЕРГОСЕРВИС» ;г. Иваново;;Генеральный директор;Барочкин;Евгений;Витальевич;;Действует;;;28.05.2015;;31.05.2013;153002, г. Иваново, ул. Шестернина, д. 3.;153002, г. Иваново, ул. Шестернина, д. 3.;(4932) 37-22-02;;oficce@ivenser.com;;Закрытое акционерное общество «ИВЭНЕРГОСЕРВИС»;"""1033700079951""";;"""0207.01-2013-3731028511-П-107""";
"""5262091170""";ООО «Энергосетьстрой» ;г. Нижний Новгород;;Генеральный директор;Медведев;Василий;Николаевич;;Действует;;;15.08.2015;;31.05.2013;603057, г. Нижний Новгород, ул. Бекетова, д. 3 Б, оф. 361;603057, г. Нижний Новгород, ул. Бекетова, д. 3 Б, оф. 361;(831) 466-92-14;466-97-64;energolux@lenta.ru;;Общество с ограниченной ответственностью «Энергосетьстрой»;"""1025203750494""";;"""0208.01-2013-5262091170-П-107""";
"""5260361664""";ООО «Риарден Групп» ;г. Нижний Новгород;;Генеральный директор;Петров;Александр;Евгеньевич;;Действует;;;08.08.2015;;01.07.2014;603024, г. Нижний Новгород, ул. Максима Горького, д. 195, пом. 34;603024, г. Нижний Новгород, ул. Максима Горького, д. 195, пом. 34;(831) 216-21-22;;Riardengroup@mail.ru;;Общество с ограниченной ответственностью «Риарден Групп»;"""1135260009785""";;"""0209.02-2013-5260361664-П-107""";
"""5262141424""";ООО «ВВМНУ» ;г. Нижний Новгород;;Генеральный директор;Огородников;Константин;Евгеньевич;;Действует;;;06.09.2015;;24.01.2014;603107, г. Нижний Новгород, пр-т Гагарина, д. 178.;603107, г. Нижний Новгород, пр-т Гагарина, д. 178.;(831) 463-59-89;463-58-18;vvmnu@vvmnu.ru;;Общество с ограниченной ответственностью «Волго-Вятское Монтажно-Наладочное Управление»;"""1055248117220""";;"""0210.02-2013-5262141424-П-107""";
"""7714789993""";ООО «АСП-Инжиниринг» ;г. Москва;;Генеральный директор;Калинин;Юрий;Геральдович;;Действует;;;25.09.2014;;25.09.2013;123007, г. Москва, Хорошевское шоссе, д. 35/2;123007, г. Москва, Хорошевское шоссе, д. 35/2;(499) 195-60-85;;y.kalinin@asp-engineering.ru;;Общество с ограниченной ответственностью «АСП-Инжиниринг»;"""1097746584528""";;"""0211.01-2013-7714789993-П-107""";
"""7733853637""";ООО «РЕМСТРОЙ» ;г. Москва;;Генеральный директор;Климовцев;Михаил;Николаевич;;Действует;;;02.10.2014;;07.10.2013;125362, г. Москва, ул. Свободы, д. 29.;125362, г. Москва, ул. Свободы, д. 29.;(495) 507-85-23;;remstroyproekt13@mail.ru, kiv-10@yandex.ru, buxconsalt@gmail.com;;Общество с ограниченной ответственностью «РЕМСТРОЙ»;"""1137746791775""";;"""0212.02-2012-7733853637-П-107""";
"""7743880693""";ООО «ИнжТехСтрой» ;г. Москва;;Генеральный директор;Ивченков;Евгений;Александрович;;Действует;;;02.12.2014;;04.12.2013;125080, г. Москва, пер. Факультетский, д. 4;125080, г. Москва, пер. Факультетский, д. 4;8-903-605-48-33;;255660@mail.ru;;Общество с ограниченной ответственностью «ИнжТехСтрой»;"""1137746173443""";;"""0213.01-2013-7743880693-П-107""";
"""5259105881""";ООО «Сфера-Инжиниринг» ;г.Нижний Новгород;;Генеральный директор;Никитин;Антон;Сергеевич;;Действует;;;30.01.2015;;13.02.2014;603074, г.Нижний Новгород, Сормовское шоссе, д. 15А, корп. 1;603074, г.Нижний Новгород, Сормовское шоссе, д. 15А, корп. 1;(831) 220-07-79;220-07-78;simona.nn@mail.ru;;Общество с ограниченной ответственностью «Сфера-Инжиниринг»;"""1135259002185""";;"""0214.01-2014-5259105881-П-107""";
"""5259036067""";ЗАО «ПРОМВЕНТЭЛЕКТРО» ;г. Нижний Новгород;;Генеральный директор;Иванова;Светлана;Владимировна;;Действует;;;19.02.2015;;21.02.2014;603035, г. Нижний Новгород, ул. Чаадаева, д. 1, литер У;603035, г. Нижний Новгород, ул. Чаадаева, д. 1, литер У;(831) 275-88-85;275-88-84;s.ivanova@pve52.ru;www.pve52.ru;Закрытое акционерное общество «ПРОМВЕНТЭЛЕКТРО»;"""1035205269736""";;"""0215.01-2014-5259036067-П-107""";
"""5260374173""";ООО «МСК-Инжиниринг» ;г. Нижний Новгород;;Генеральный директор;Финагин;Юрий;Григорьевич;;Действует;;;19.02.2015;;17.03.2014;603000, г. Нижний Новгород, ул. Короленко, д. 19А, пом.2;603000, г. Нижний Новгород, ул. Короленко, д. 19А, пом.2;8-950-353-43-53;;mik.t2013@mail.ru, kiv-10@yandex.ru;;Общество с ограниченной ответственностью «МСК-Инжиниринг»;"""1135260017848""";;"""0217.01-2014-5260374173-П-107""";
"""5250039673""";ООО «Нижавтодорстрой» ;г. Кстово;;Генеральный директор;Иванов;Алексендр;Васильевич;;Действует;;;30.04.2015;;13.05.2014;607655, Нижегородская обл., Кстовский район, г. Кстово, ул. Ломоносова, д. 38.;607655, Нижегородская обл., Кстовский район, г. Кстово, ул. Ломоносова, д. 38.;(831) 218-06-00;218-06-66;nadstroy@list.ru;;Общество с ограниченной ответственностью «Нижавтодорстрой»;"""1075250001958""";;"""0217.01-2014-5250039673-П-107""";
"""7802858879""";ООО «СМРТ-ЭНЕРГО» ;г. Санкт-Петербург;;;;;;;Действует;;;27.05.2015;;13.05.2014;194223, г. Санкт-Петербург, ул. Курчатова, д. 14, литер А, оф. 510.;194223, г. Санкт-Петербург, ул. Курчатова, д. 14, литер А, оф. 510.;;;i780200@r78.nalog.ru, timoshenko.av@smrt-energo.ru;;Общество с ограниченной ответственностью «СМРТ-ЭНЕРГО»;"""1147847151121""";;"""0218.01-2014-7802858879-П-107""";
"""5262062525""";ООО «Максима» ;г. Нижний Новгород;;Директор;Курносов;Евгений;Владимирович;;Действует;;;04.06.2015;;06.06.2014;603057, г. Нижний Новгород, пер. Светлогорский, д. 4, оф. 30;603057, г. Нижний Новгород, пер. Светлогорский, д. 4, оф. 30;(831) 439-38-42;;maksima-ooo@mail.ru;;Общество с ограниченной ответственностью «Максима»;"""1025203725799""";;"""0219.01-2014-5262062525-П-107""";
"""7702820543""";ООО «Ювента» ;г. Москва;;Зам. директора;Арутюнян;Карен;Рудольфович;;Действует;;;20.05.2015;;01.07.2014;129110, г. Москва, ул. Б. Переяславская, д. 36, стр. 5;129110, г. Москва, ул. Б. Переяславская, д. 36, стр. 5;(495) 407-06-58;407-06-58;iyventa@yandex.ru, lidiasro2010@yandex.ru, lidiasro2010@yandex.ru;;Общество с ограниченной ответственностью «Ювента»;"""1137746726292""";;"""0220.01-2014-7702820543-П-107""";
"""5262285151""";ООО «Строительная Компания ОСК» ;г. Нижний Новгород;;;;;;;Действует;;;03.07.2015;;16.07.2014;603022, г. Нижний Новгород, ул. Тимирязева, д. 15, корп. 2.;603022, г. Нижний Новгород, ул. Тимирязева, д. 15, корп. 2.;(831) 201-33-20;;law@osknn.ru, kiv-10@yandex.ru;;Общество с ограниченной ответственностью «Строительная Компания ОСК»;"""1125262017385""";;"""0221.02-2014-5262285151-П-107""";
"""5257122031""";ООО «СтройТехнология-НН» ;г. Нижний Новгород;;Генеральный директор;Чернышев;Андрей;Николаевич;;Действует;;;19.09.2014;;08.07.2014;603002, г. Нижний Новгород, ул. Советская, д. 13;603002, г. Нижний Новгород, ул. Советская, д. 13;(831) 217-97-17;;st-nn56@bk.ru;;Общество с ограниченной ответственностью «СтройТехнология-НН»;"""1115257002816""";;"""0222.01-2014-5257122031-П-107""";
"""5258114918""";ООО «НижегородДорМостПроект» ;г. Нижний Новгород;;;;;;;Действует;;;20.06.2015;;11.07.2014;603135, г. Нижний Новгород, ул. Снежная, д. 29А, оф. 2;603135, г. Нижний Новгород, ул. Снежная, д. 29А, оф. 2;(831) 218-06-00 доб. 134;218-06-66 доб. 134;ndmp2014@yandex.ru, lidiasro2010@yandex.ru;;Общество с ограниченной ответственностью «НижегородДорМостПроект»;"""1145258002560""";;"""0223.01-2014-5258114918-П-107""";
"""7723848885""";ООО «Трейд Компани» ;г. Москва;;;;;;;Действует;;;18.06.2015;;31.07.2014;109263, г. Москва, ул. Малышева, д. 32;109263, г. Москва, ул. Малышева, д. 32;8-905-866-60-38;;treidkompani@bk.ru;;Общество с ограниченной ответственностью «Трейд Компани»;"""1127746752748""";;"""0224.01-2014-7723848885-П-107""";
"""5260359520""";ООО «ТМ Студия 52» ;г. Нижний Новгород;;Директор;Тюлина;Лилия;Анатольевна;;Действует;;;12.08.2015;;13.08.2014;603155, г. Нижний Новгород, ул. Большая Печерская, д. 24, оф. 607.;603155, г. Нижний Новгород, ул. Большая Печерская, д. 24, оф. 607.;(831) 259-88-39, 8-910-135-37-15, 8-902-682-05-39;;tmstudio52@gmail.com;;Общество с ограниченной ответственностью «ТМ Студия 52»;"""1135260008278""";;"""0225.01-2014-5260359520-П-107""";
"""7725738782""";ООО «ЮНАЙТ» ;г. Москва;;;;;;;Действует;;;11.08.2015;;27.08.2014;115142, г. Москва, ул. Коломенская, д. 19, стр. 3, оф. 7;115142, г. Москва, ул. Коломенская, д. 19, стр. 3, оф. 7;;;;;Общество с ограниченной ответственностью «ЮНАЙТ»;"""1117746894308""";;"""0226.01-2014-7725738782-П-107""";
"""7720189874""";ООО «Лаборатория автоматизированных систем (АС)» ;г. Москва;;;;;;;Действует;;;;;06.10.2014;123100, г. Москва, ул. Сергея Макеева, д. 9, стр. 2.;123100, г. Москва, ул. Сергея Макеева, д. 9, стр. 2.;(495) 730-36-32;;office@actech.ru;www.actech.ru;Общество с ограниченной ответственностью «Лаборатория автоматизированных систем (АС)»;"""1037739443840""";;"""0227.01-2014-7720189874-П-107""";
"""5249075317""";ОАО «Противокарстовая и береговая защита» ;г. Дзержинск;;;;;;;Исключен;;;20.05.2014;;27.01.2012;606023, Нижегородская обл., г. Дзержинск, ул. Маяковского, д. 33;606023, Нижегородская обл., г. Дзержинск, ул. Маяковского, д. 33;;;;;Открытое акционерное общество «Противокарстовая и береговая защита»;"""1055216503308""";;"""0005.04-2009-5249075317-П-107""";
"""5249088997""";ОАО «Дизайн-Архитектура» ;г. Нижний Новгород;;Генеральный директор;Прохоров;Александр;Глебович;;Исключен;;;09.06.2012;;14.09.2010;603001, г. Нижний Новгород, ул. Нижневолжская набережная, д.16;603001, г. Нижний Новгород, ул. Нижневолжская набережная, д.16;(8313) 23-23-15;;lidiaSRO2010@yandex.ru;www.diz-ar.ru;Открытое акционерное общество «Дизайн-Архитектура»;"""1075249006690""";;"""0002.03-2009-5249088997-П-107""";
"""5249058791""";ООО «Дзержинскремстрой» ;г. Дзержинск;;Директор;Исхаков;Марат;Ряшидович;;Исключен;;;;;19.01.2010;606002, Нижегородская область, г. Дзержинск, ул. Лермонтова, д. 9.;606002, Нижегородская область, г. Дзержинск, ул. Лермонтова, д. 9.;;;;;Общество с ограниченной ответственностью «Дзержинскремстрой»;"""1085249007470""";;;
"""5249078558""";ООО «ГАЗЭНЕРГОМОНТАЖ» ;г.Дзержинск;;Директор;Ветюгов;Павел;Николаевич;;Исключен;;;;;12.04.2010;606023, Нижегородская обл., г.Дзержинск, пр. Ленина д. 49 В;606023, Нижегородская обл., г.Дзержинск, пр. Ленина д. 49 В;(8313) 26-54-41;;gazenergomontag@bk.ru;;Общество с ограниченной ответственностью «ГАЗЭНЕРГОМОНТАЖ»;"""1055216584092""";;;
"""7715584935""";ООО «ЕвроТрансПроект» ;г. Москва;;Генеральный директор;Васильев;Владимир;Геннадьевич;;Исключен;;;03.06.2012;;31.12.2009;109316, г. Москва, ул. Шоссейная, д. 1, корп. 1 109316, г. Москва, ул. Шоссейная, д. 1, корп. 1;109316, г. Москва, ул. Шоссейная, д. 1, корп. 1 109316, г. Москва, ул. Шоссейная, д. 1, корп. 1;(499) 176-89-60;;universal-sk@mail.ru. improtekt@rambler.ru;;Общество с ограниченной ответственностью «ЕвроТрансПроект»;"""1057749282964""";;;
"""5261057000""";ООО «ДжетПроект» ;г. Нижний Новгород;;Директор;Ахонов;Андрей;Сергеевич;;Исключен;;;02.04.2013;;28.05.2012;603009, Нижегородская обл., г. Нижний Новгород, пр. Гагарина, д. 110;603009, Нижегородская обл., г. Нижний Новгород, пр. Гагарина, д. 110;8-951-909-19-34;;;;Общество с ограниченной ответственностью «ДжетПроект»;"""1075261009515""";;"""0008.02-2010-5261057000-П-107""";
"""7710729601""";ООО «Юнити Строй» ;г. Москва;;Генеральный директор;Чекалина;Елена;Эдуардовна;;Исключен;;;01.09.2011;;11.11.2010;123104, г. Москва, пер. Большой Палашевский, д. 13, стр.1;123104, г. Москва, пер. Большой Палашевский, д. 13, стр.1;(495) 227-18-42;;yuniti_stroy@mail.ru;;Общество с ограниченной ответственностью «Юнити Строй»;"""5087746293993""";;"""0013.02-2010-7710729601-П-107""";
"""5249072965""";ООО «Эликом» ;г. Дзержинск;;Директор;Куликов;Олег;Владимирович;;Исключен;;;;;08.02.2011;606025, Нижегородская обл., г. Дзержинск, б-р Мира, д. 27;606025, Нижегородская обл., г. Дзержинск, б-р Мира, д. 27;(8313) 25-08-66;;elikom-dz@yandex.ru;;Общество с ограниченной ответственностью «Эликом»;"""1045206812518""";;"""0014.02-2010-5249072965-П-107""";
"""5249015251""";ОАО «Дзержинское производственное объединение «Пластик» ;г. Дзержинск;;Генеральный директор;Смотрицкий;Владимир;Давидович;;Исключен;;;29.11.2014;;23.05.2013;606000, Нижегородская обл., г. Дзержинск, Промзона;606000, Нижегородская обл., г. Дзержинск, Промзона;(8313) 27-27-54, 27-27-01;;pco-plast@rambler.ru, dubinkin_sg@dplast.ru;;Открытое акционерное общество «Дзержинское производственное объединение «Пластик»;"""1025201755810""";;"""0016.03-2010-5249015251-П-107""";
"""5249057269""";ООО «Строительное управление № 8» ;г. Дзержинск;;Директор;Спиридонов;Максим;Сергеевич;;Исключен;;;;;19.01.2010;606032, Нижегородская обл., г. Дзержинск, ул. Бутлерова, д. 40 В, офис 30;606032, Нижегородская обл., г. Дзержинск, ул. Бутлерова, д. 40 В, офис 30;;;;;Общество с ограниченной ответственностью «Строительное управление № 8»;"""1052017621452""";;;
"""524902043442""";ИП Хафизов Ильдар Хасянович ;г. Дзержинск;;;;;;;Исключен;;;;;08.02.2010;;;8-903-040-23-26;;;;Индивидуальный предприниматель Хафизов Ильдар Хасянович;"""306524922300059""";;;
"""7702686633""";ООО «РИКАДА» ;г. Москва;;;;;;;Исключен;;;;;25.10.2010;107045, г. Москва, пер. Последний, д. 17, стр. 1;107045, г. Москва, пер. Последний, д. 17, стр. 1;;;;;Общество с ограниченной ответственностью «РИКАДА»;"""5087746252314""";;;
"""5260242787""";ООО «МНМ-Проект» ;г. Нижний Новгород;;Генеральный директор;Эрдили;Наталья;Игоревна;;Исключен;;;14.12.2012;;10.03.2011;603006, г. Нижний Новгород, ул. Варварская, д. 40, офис 504;603006, г. Нижний Новгород, ул. Варварская, д. 40, офис 504;(831) 439-17-38, 419-44-43;;Natalya@mnm-p.com;;Общество с ограниченной ответственностью «МНМ-Проект»;"""1085260018690""";;"""0030.03-2010-5260242787-П-107""";
"""7718720791""";ООО «Планета Строй» ;г. Москва;;Генеральный;директор;Вовкодав;В.Б.;;Исключен;;;;;28.01.2013;119421, г. Москва, квартал Юго-Запада 38-й, корп. 5, стр.1;119421, г. Москва, квартал Юго-Запада 38-й, корп. 5, стр.1;;;;;Общество с ограниченной ответственностью «Планета Строй»;"""5087746122261""";;"""0033.04-2010-7718720791-П-107""";
"""6670281213""";ООО «Проектстрой» ;г. Екатеринбург;;Директор;Талапов;Виктор;Викторович;;Исключен;;;22.12.2012;;24.12.2010;620072, Свердловская область, г. Екатеринбург, ул. Новгородцевой, д. 31, кв. 44;620072, Свердловская область, г. Екатеринбург, ул. Новгородцевой, д. 31, кв. 44;(343) 283-00-73, 8-904-541-98-33;(34368)4-77-03;proektes@mail.ru;;Общество с ограниченной ответственностью «Проектстрой»;"""1106670002185""";;"""0037.02-2010-6670281213-П-107""";
"""7709807608""";ООО «ПромСтройСервис» ;г. Москва;;Генеральный директор;Муравьев;Илья;Николаевич;;Исключен;;;30.08.2012;;28.01.2013;109012, г. Москва, пер. Ветошный, д. 2;109012, г. Москва, пер. Ветошный, д. 2;(495) 227-18-42;;promss@gmail.com;;Общество с ограниченной ответственностью «ПромСтройСервис»;"""5087746312682""";;"""0040.03-2010-7709807608-П-107""";
"""5262213284""";ООО «Энергомонтаж» ;г. Н.Новгород;;Генеральный директор;Иордан;Владимир;Юрьеич;;Исключен;;;27.08.2011;;15.03.2010;603115, г. Н.Новгород,ул. Ломоносова, 9 Б;603115, г. Н.Новгород,ул. Ломоносова, 9 Б;(831) 278-54-91;;egr-nn@yandex.ru;;Общество с ограниченной ответственностью «Энергомонтаж»;"""1075262013463""";;;
"""5249106484""";ООО «Стройбазис» ;г. Дзержинск;;Директор;Глушенкова;Елена;Вячеславовна;;Исключен;;;26.10.2012;;30.12.2010;606007, Нижегородская обл., г. Дзержинск, ул. Водозаборная, 7;606007, Нижегородская обл., г. Дзержинск, ул. Водозаборная, 7;;;;;Общество с ограниченной ответственностью «Стройбазис»;"""1105249001054""";;"""0042.02-2010-5249106484-П-107""";
"""5248028240""";ООО «Строительная компания «Спектр» ;г. Городец;;Директор;Шевченко;Альберт;Владимирович;;Исключен;;;15.12.2011;;29.03.2010;606505, Нижегородская обл., г. Городец,улица Рождественская, д. 105;606505, Нижегородская обл., г. Городец,улица Рождественская, д. 105;(83161) 236-46;;gorspektr@rambler.ru;;Общество с ограниченной ответственностью «Строительная компания «Спектр»;"""1095248001991""";;;
"""5231004611""";ООО «Энерготехмонтаж» ;;;Директор;Карасев;Сергей;Евгеньевич;;Исключен;;;29.06.2014;;19.04.2013;606170, Нижегородская область, р.п. Сосновское, ул. Совхозная, д. 11;606170, Нижегородская область, р.п. Сосновское, ул. Совхозная, д. 11;(83174) 2-11-52;;nikonov-s@yandex.ru;;Общество с ограниченной ответственностью «Энерготехмонтаж»;"""1045206965924""";;"""0049.03-2010-5231004611-П-107""";
"""5260273432""";ООО «НПК» ;г. Нижний Новгород;;Директор;Недорубов;Сергей;Александрович;;Исключен;;;;;20.01.2011;603001, г. Нижний Новгород, ул. Рождественская, д. 11/13, офис 201;603001, г. Нижний Новгород, ул. Рождественская, д. 11/13, офис 201;(831) 430-80-45;;;;Общество с ограниченной ответственностью «НПК»;"""1105260003122""";;"""0055.03-2010-5260273432-П-107""";
"""5262247999""";ООО «КапиталлСтройГрупп» ;г. Нижний Новгород;;Директор;Платонов;Денис;Игоревич;;Исключен;;;;;31.01.2011;603105, г. Нижний Новгород, ул. Невзоровых, д. 47;603105, г. Нижний Новгород, ул. Невзоровых, д. 47;(831) 269-71-17;250-55-87;firma0909@rambler.ru;;Общество с ограниченной ответственностью «КапиталлСтройГрупп»;"""1105262000161""";;"""0057.02-2010-5262247999-П-107""";
"""5260150286""";ООО «МУЛЬТИМОН» ;г. Нижний Новгород;;Генеральный;директор;Герхард;Кляйн;;Исключен;;;01.11.2013;;16.06.2011;603155, г. Нижний Новгород, ул. Большая Печерская, д. 24, офис 45;603155, г. Нижний Новгород, ул. Большая Печерская, д. 24, офис 45;(831) 435-72-56;;info@multimon.ru;www.multimon.info;Общество с ограниченной ответственностью «МУЛЬТИМОН»;"""1055238055950""";;"""0058.02-2010-5260150286-П-107""";
"""6660155442""";ЗАО «Химические системы» ;г. Екатеринбург;;Генеральный директор;Кудряшов;Аркадий;Александрович;;Исключен;;;15.06.2012;;28.06.2011;620049, Свердловская область, г. Екатеринбург, ул. Комсомольская, д.37, офис 402/3;620049, Свердловская область, г. Екатеринбург, ул. Комсомольская, д.37, офис 402/3;(343) 214-08-68;214-05-97;post@chems.ru;;Закрытое акционерное общество «Химические системы»;"""1026604961790""";;"""0062.02-2010-6660155442-П-107""";
"""7723752816""";ООО «СК «МонтажСтрой» ;г. Москва;;Директор;Науменко;Владимир;Анатольевич;;Исключен;;;02.10.2012;;20.01.2011;109469, г. Москва, ул. Братиславская, д. 29, корп. 1;109469, г. Москва, ул. Братиславская, д. 29, корп. 1;8-903-758-58-70;;Oeg3002@mail.ru;;Общество с ограниченной ответственностью «Строительная компания «МонтажСтрой»»;"""1107746239622""";;"""0064.03-2010-7723752816-П-107""";
"""7709850770""";ООО «ТехСтрой» ;г. Москва;;Генеральный директор;Прохонова;Ирина;Владимировна;;Исключен;;;29.09.2012;;30.12.2010;109004, г. Москва, улица Николоямская, д. 44/18;109004, г. Москва, улица Николоямская, д. 44/18;8-903-758-58-70;;Oeg3002@mail.ru;;Общество с ограниченной ответственностью «ТехСтрой»;"""1107746229821""";;"""0065.02-2010-7709850770-П-107""";
"""7715299141""";ООО «Би-Люкс» ;г. Нижний Новгород;;Генеральный директор;Морозова;Юлия;Михайловна;;Исключен;;;27.04.2011;;24.12.2010;603105, г. Нижний Новгород, улица Гужевая, д. 11;603105, г. Нижний Новгород, улица Гужевая, д. 11;(831) 411-53-01;;bi-lux@mail.ru;;Общество с ограниченной ответственностью «Би-Люкс»;"""1037715084186""";;"""0066.02-2010-7715299141-П-107""";
"""7708679150""";ООО «СтройАркада» ;г. Москва;;Генеральный директор;Лобов;Алексей;Леонидович;;Исключен;;;;;23.04.2010;105006, г. Москва, ул. Ольховская, д. 51, стр. 5;105006, г. Москва, ул. Ольховская, д. 51, стр. 5;;;;;Общество с ограниченной ответственностью «СтройАркада»;"""5087746117630""";;;
"""5262080387""";ООО «Жильё-2000» ;г. Нижний Новгород;;Директор;Никитин;Валерий;Васильевич;;Исключен;;;27.05.2012;;09.08.2010;603024, г. Нижний Новгород, ул. Бекетова, д. 8 А;603024, г. Нижний Новгород, ул. Бекетова, д. 8 А;(831) 278-40-06;;nbfokina@mail.ru;;Общество с ограниченной ответственностью «Жильё-2000»;"""1025203728670""";;"""0075.02-2010-5262080387-П-107""";
"""7728693917""";ООО «ПРОМСТРОЙИНВЕСТ» ;г. Москва;;Генеральный директор;Феофанова;Екатерина;Александровна;;Исключен;;;;;25.06.2010;117292, г. Москва, пр. Нахимовский, д. 52/27, пом. Б;117292, г. Москва, пр. Нахимовский, д. 52/27, пом. Б;(495) 364-12-38;;;;Общество с ограниченной ответственностью «ПРОМСТРОЙИНВЕСТ»;"""1097746101925""";;;
"""7715781690""";ООО «НЕГУС» ;г. Москва;;Генеральный директор;Калашников;Евгений;Николаевич;;Исключен;;;22.12.2012;;17.08.2010;127106, г. Москва, Алтуфьевское шоссе, д. 27, офис 440;127106, г. Москва, Алтуфьевское шоссе, д. 27, офис 440;;;;;Общество с ограниченной ответственностью «НЕГУС»;"""1097746694077""";;"""0092.01-2010-7715781690-П-107""";
"""5261020434""";ЗАО «НТвС» ;г. Нижний Новгород;;Генеральный директор;Жуков;Юрий;Контсантинович;;Исключен;;;25.08.2013;;27.12.2012;603107, г. Нижний Новгород, ул. Ларина, д. 7;603107, г. Нижний Новгород, ул. Ларина, д. 7;(831) 466-86-12;466-40-80;ntvs@inbox.ru;;Закрытое акционерное общество «Нижегородские Телевизионные Сети»;"""1025203567047""";;"""0094.02-2010-5261020434-П-107""";
"""7702689063""";ООО «РемФинСтрой» ;г. Москва;;Генеральный директор;Коваль;Лев;Николаевич;;Исключен;;;;;14.09.2010;107045, г. Москва, Последний пер., д. 17, стр. 1;107045, г. Москва, Последний пер., д. 17, стр. 1;;;;;Общество с ограниченной ответственностью «РемФинСтрой»;"""5087746431691""";;"""0097.01-2010-7702689063-П-107""";
"""5260904688""";ОАО «Нижегородавтодор» ;п. Дружный;;Генеральный директор;Суворов;Михаил;Борисович;;Исключен;;;19.10.2012;;05.04.2012;607683, Нижегородская обл., Кстовский р-н, п. Дружный;607683, Нижегородская обл., Кстовский р-н, п. Дружный;(83170) 6-20-50;6-20-55;smeta@avtodor.nnov.ru;;Открытое акционерное общество «Нижегородавтодор»;"""1025203013351""";;"""0099.03-2010-5260904688-П-107""";
"""5260098300""";ООО «Центр Сантехники НН» ;г. Нижний Новгород;;Генеральный директор;Грязецкий;Алексндр;Михайлович;;Исключен;;;03.09.2012;;14.09.2010;603163, г. Нижний Новгород, ул. Родионова, д. 189/24, П 5;603163, г. Нижний Новгород, ул. Родионова, д. 189/24, П 5;(831) 220-70-80;;info@fabrikatepla.ru;www.fabrikatepla.ru;Общество с ограниченной ответственностью «Центр Сантехники НН»;"""1025203017223""";;"""0100.01-2010-5260098300-П-107""";
"""7714814632""";ОАО СМУ «РАЗВИТИЕ» ;г. Москва;;Генеральный директор;Гудков;Александр;Сергеевич;;Исключен;;;10.11.2014;;28.01.2013;125252, г. Москва, Проезд Березовой рощи, д. 3, корп. 2;125252, г. Москва, Проезд Березовой рощи, д. 3, корп. 2;(495) 921-78-41;;;;Открытое акционерное общество Строительно-монтажное управление «РАЗВИТИЕ»;"""1107746615360""";;"""0101.02-2010-7714814632-П-107""";
"""7706732954""";ООО «ЭнергоПроект» ;г. Москва;;Генеральный директор;Удалов;Виктор;Тимофеевич;;Исключен;;;18.01.2013;;;119180, г. Москва, ул. Б.Якиманка, д. 23/5;119180, г. Москва, ул. Б.Якиманка, д. 23/5;(495) 797-06-71;;;;Общество с ограниченной ответственностью «ЭнергоПроект»;"""1107746153679""";;;
"""7714703690""";ООО «ГЛОБАЛ КОНЦЕПТ» ;г. Москва;;Генеральный директор;Юриков;Михаил;Александрович;;Исключен;;;20.10.2013;;28.01.2013;125252, г. Москва, ул. Куусинена, д. 15, корп. 1;125252, г. Москва, ул. Куусинена, д. 15, корп. 1;;;;;Общество с ограниченной ответственностью «ГЛОБАЛ КОНЦЕПТ»;"""1077758016005""";;"""0105.02-2010-7714703690-П-107""";
"""7718609881""";ООО «КриэйтБилдСервис» ;г. Москва;;;;;;;Исключен;;;;;21.10.2010;107150, г. Москва, ул. Бойцовая, д. 22, стр. 3;107150, г. Москва, ул. Бойцовая, д. 22, стр. 3;;;;;Общество с ограниченной ответственностью «КриэйтБилдСервис»;"""1067758790659""";;"""0106.01-2010-7718609881-П-107""";
"""5250049270""";ООО «СтройСпецТех-НН» ;;;Директор;Якутин;Александр;Валентинович;;Исключен;;;11.10.2011;;21.10.2010;607671, Нижегородская обл., Кстовский р-н, д Зелецино, д. 110;607671, Нижегородская обл., Кстовский р-н, д Зелецино, д. 110;;;;;Общество с ограниченной ответственностью «СтройСпецТех-НН»;"""1105250000240""";;"""0107.01-2010-5250049270-П-107""";
"""7722721445""";ООО «Строй-Мастер» ;г. Москва;;Генеральный директор;Тараканов;Андрей;Николаевич;;Исключен;;;14.12.2013;;03.11.2010;111020, г. Москва, ул. Госпитальный Вал, д. 8/1, стр. 2;111020, г. Москва, ул. Госпитальный Вал, д. 8/1, стр. 2;(495) 227-24-95;;st.master.ltd@gmail.com;;Общество с ограниченной ответственностью «Строй-Мастер»;"""1107746529252""";;"""0108.01-2010-7722721445-П-107""";
"""7728747802""";ЗАО Концерн «Ростверк» ;г. Москва;;Генеральный директор;Лямина;Александра;Сергеевна;;Исключен;;;01.11.2013;;28.01.2013;117292, г. Москва, ул. Профсоюзная, д. 26/44, пом. 2, ком. 1;117292, г. Москва, ул. Профсоюзная, д. 26/44, пом. 2, ком. 1;(495) 220-65-58;;rostverc@gmail.com;;Закрытое акционерное общество Концерн «Ростверк»;"""1107746728539""";;"""0109.02-2010-7728747802-П-107""";
"""7718779957""";ООО «СТРОЙРЕМКОМПАНИ» ;г. Москва;;Генеральный директор;Ахметова;Галина;Константиновна;;Исключен;;;22.11.2011;;25.11.2010;170143, г. Москва, Открытое шоссе, д. 17, кор. 1;170143, г. Москва, Открытое шоссе, д. 17, кор. 1;(495) 514-30-63;;2216397@mail.ru;;Общество с ограниченной ответственностью «СТРОЙРЕМКОМПАНИ»;"""1097746634370""";;"""0112.01-2010-7718779957-П-107""";
"""5260075590""";ООО «Волга-Петролеум-Нижний Новгород» ;г. Нижний Новгород;;Генеральный директор;Садеков;Мансур;Саитович;;Исключен;;;15.09.2013;;30.03.2012;603109, г. Нижний Новгород, ул. Ильинская, д. 56;603109, г. Нижний Новгород, ул. Ильинская, д. 56;;;;;Общество с ограниченной ответственностью «Волга-Петролеум-Нижний Новгород»;"""1025203037210""";;"""0115.02-2010-5260075590-П-107""";
"""5258029500""";ГП НО «Нижегородский капитал» ;г. Нижний Новгород;;Директор;Никитаев;Максим;Михайлович;;Исключен;;;22.12.2011;;24.12.2010;603076, г. Нижний Новгород, пр. Ленина, д. 54;603076, г. Нижний Новгород, пр. Ленина, д. 54;(831) 439-11-82;;gp.nn@gmail.ru;;Государственное предприятие «Нижегородский капитал»;"""1025202614656""";;"""0120.01-2010-5258029500-П-107""";
"""5262257764""";ООО «ЭКСПЕРТ» ;г. Нижний Новгород;;Директор;Сысоев;Алексей;Александрович;;Исключен;;;03.04.2013;;31.01.2011;603146, г. Нижний Новгород, ул. Норвежская, д. 17, оф. 2;603146, г. Нижний Новгород, ул. Норвежская, д. 17, оф. 2;(831) 413-37-64;;Ekspert.sysoeff@yandex.ru;;Общество с ограниченной ответственностью «ЭКСПЕРТ»;"""1105262009874""";;"""0124.01-2011-5262257764-П-107""";
"""7715848240""";ООО «СК Развитие» ;г. Москва;;Генеральный директор;Метелимов;Сергей;Павлович;;Исключен;;;24.04.2013;;17.03.2011;127282, г. Москва, пр. Студеный, д. 4, корп. 1;127282, г. Москва, пр. Студеный, д. 4, корп. 1;(495) 648-64-76;;skrazvitie@bk.ru;;Общество с ограниченной ответственностью «СК Развитие»;"""1117746040587""";;"""0130.01-2011-7715848240-П-107""";
"""5262259708""";ООО «Промтехснаб» ;г. Нижний Новгород;;Директор;Данилов;Александр;Александрович;;Исключен;;;15.03.2012;;24.03.2011;603146, г. Нижний Новгород, ул. Юбилейная, д. 37, пом. 1;603146, г. Нижний Новгород, ул. Юбилейная, д. 37, пом. 1;417-39-30;;;;Общество с ограниченной ответственностью «Промтехснаб»;"""1115262000171""";;"""0131.01-2011-5262259708-П-107""";
"""5263025195""";ООО «Компания «Эквилибриум» ;г. Заволжье;;Генеральный директор;Иванова;Ольга;Александровна;;Исключен;;;30.03.2014;;31.05.2013;606521, Нижегородская обл., Городецкий район, г. Заволжье, пр-т Дзержинского, д. 19, кв. 102;606521, Нижегородская обл., Городецкий район, г. Заволжье, пр-т Дзержинского, д. 19, кв. 102;(831) 418-53-81;;255660@mail.ru;;Общество с ограниченной ответственностью «Компания «Эквилибриум»;"""1025204417149""";;"""0133.02-2011-5263025195-П-107""";
"""7713719168""";ООО «Эко-Строй» ;г. Москва;;Генеральный директор;Русаков;Валерий;Павлович;;Исключен;;;08.06.2012;;07.04.2011;127422, г. Москва, ул. Тимирязевская, д. 30, стр. 2;127422, г. Москва, ул. Тимирязевская, д. 30, стр. 2;;;santex6@yandex.ru;;Общество с ограниченной ответственностью «Эко-Строй»;"""1107746962290""";;"""0134.01-2011-7713719168-П-107""";
"""5256099750""";ООО ПКБ «ГРАНТ» ;г. Нижний Новгород;;Директор;Раштанов;Алексей;Сергеевич;;Исключен;;;23.03.2014;;07.04.2011;603083, г. Нижний Новгород, ул. Лескова, д. 16, кв. 29;603083, г. Нижний Новгород, ул. Лескова, д. 16, кв. 29;(831) 295-09-41;295-57-81;pkbgrant@bk.ru;;Общество с ограниченной ответственностью «Проектно-конструкторское бюро «ГРАНТ»;"""1105256006976""";;"""0135.01-2011-5256099750-П-107""";
"""5261026919""";ООО «Интертрансстрой» ;г. Нижний Новгород;;Директор;Гаврилин;Сергей;Юрьевич;;Исключен;;;12.04.2012;;18.11.2011;603057, г. Нижний Новгород, ул. Краснозвездная, д. 11, пом. 8;603057, г. Нижний Новгород, ул. Краснозвездная, д. 11, пом. 8;(831) 439-59-96;;gavrilinserg1703@mail.ru;;Общество с ограниченной ответственностью «Интертрансстрой»;"""1025203569930""";;"""0138.02-2011-5261026919-П-107""";
"""7702749273""";ООО «СК Гефест» ;г. Москва;;Генеральный директор;Рогашев;Дмитрий;Владимирович;;Исключен;;;11.05.2013;;18.11.2011;105187, г. Москва, ул. Фортунатовская, д. 20, стр. 2;105187, г. Москва, ул. Фортунатовская, д. 20, стр. 2;(495) 211-71-13;;gefest@mail.ru;;Общество с ограниченной ответственностью «СК Гефест»;"""5107746038087""";;"""0141.02-2011-7702749273-П-107""";
"""7743787743""";ООО «Маяк Энергия» ;г. Москва;;Генеральный директор;Янькова;Екатерина;Алексеевна;;Исключен;;;17.05.2012;;19.05.2011;125635, г. Москва, ул. Ангарская, д. 6;125635, г. Москва, ул. Ангарская, д. 6;8-916-142-30-91;;m-rigsby@yandex.ru;;Общество с ограниченной ответственностью «Маяк Энергия»;"""1107746589048""";;"""0142.01-2011-7743787743-П-107""";
"""5263082210""";ООО «Стройкомплект» ;г. Н.Новгород;;Генеральный директор;Силиня;Татьяна;Львовна;;Исключен;;;19.05.2012;;19.05.2011;603054, г. Н.Новгород, ул. Вождей Революции, д. 28, пом. 2;603054, г. Н.Новгород, ул. Вождей Революции, д. 28, пом. 2;(831) 242-20-14;242-24-28;real-555@mail.ru;;Общество с ограниченной ответственностью «Стройкомплект»;"""1105263008366""";;"""0143.01-2011-5263082210-П-107""";
"""5262260848""";ООО «Альфа-проект» ;г. Н.Новгород;;Директор;Ефимова;Анна;Александровна;;Исключен;;;24.05.2012;;09.06.2011;603061, г. Н.Новгород, ул. Агрономическая, д. 134;603061, г. Н.Новгород, ул. Агрономическая, д. 134;8-920-064-56-29;;a.p-nn@mail.ru;;Общество с ограниченной ответственностью «Альфа-проект»;"""1115262001315""";;"""0146.01-2011-5262260848-П-107""";
"""1659098134""";ООО «Ньюлайн» ;г. Казань;;Директор;Стрижова;Наталья;Николаевна;;Исключен;;;29.06.2013;;19.07.2011;420110, Республика Татарстан, г. Казань, пр. Победы, д. 56, кв. 223;420110, Республика Татарстан, г. Казань, пр. Победы, д. 56, кв. 223;8-950-345-90-43;;fokusnik114@mail.ru;;Общество с ограниченной ответственностью «Ньюлайн»;"""1091690060725""";;"""0152.01-2011-1659098134-П-107""";
"""7736632065""";ООО «ПРОМСТРОЙТОРГ» ;г. Москва;;Генеральный директор;Герасимова;Юлия;Сергеевна;;Исключен;;;15.09.2014;;15.09.2011;119331, г. Москва, ул. Крупской, д. 11;119331, г. Москва, ул. Крупской, д. 11;(495) 924-87-53;;promstroytorgllc@gmail.com;;Общество с ограниченной ответственностью «ПРОМСТРОЙТОРГ»;"""1117746483469""";;"""0157.01-2011-7736632065-П-107""";
"""7727754927""";ООО «Эрида» ;г. Москва;;Генеральный директор;Левшицкая;Мариамна;Павловна;;Исключен;;;03.10.2013;;22.09.2011;117042, г. Москва, проезд Чечёрский, д. 120, пом. 1;117042, г. Москва, проезд Чечёрский, д. 120, пом. 1;8-903-709-59-33;;;;Общество с ограниченной ответственностью «Эрида»;"""1117746556400""";;"""0158.01-2011-7727754927-П-107""";
"""7704787130""";ООО «ГЕЛИУС» ;г. Москва;;Генеральный директор;Чернов;Роман;Николаевич;;Исключен;;;13.09.2013;;22.09.2011;119021, г. Москва, пер. Олсуфьевский, д. 1, стр. 2;119021, г. Москва, пер. Олсуфьевский, д. 1, стр. 2;;;gelius2011@gmail.com;;Общество с ограниченной ответственностью «ГЕЛИУС»;"""1117746581897""";;"""0159.01-2011-7704787130-П-107""";
"""7729691180""";ООО «Мегаполисы» ;г. Москва;;Генеральный директор;Давлетов;Александр;Витальевич;;Исключен;;;14.01.2014;;21.11.2011;119454, г. Москва, пр. Вернадского, д. 24, оф. 3;119454, г. Москва, пр. Вернадского, д. 24, оф. 3;(495) 227-21-90;;megapolisi@yandex.ru;;Общество с ограниченной ответственностью «Мегаполисы»;"""1117746729869""";;"""0167.01-2011-7729691180-П-107""";
"""5260314551""";ООО «Архитектурное бюроЭтюд» ;г. Нижний Новгород;;Директор;Широков;Филипп;Георгиевич;;Исключен;;;11.12.2012;;14.12.2011;603000, г. Нижний Новгород, ул. Славянская, д. 2А, оф. 2;603000, г. Нижний Новгород, ул. Славянская, д. 2А, оф. 2;(831) 433-39-59;;shirokov.ru@rambler.ru;;Общество с ограниченной ответственностью «Архитектурное бюроЭтюд»;"""1115260021876""";;"""0169.01-2011-5260314551-П-107""";
"""7728718632""";ООО «Энергетик» ;г. Москва;;Генеральный директор;Детистов;Максим;Александрович;;Исключен;;;17.01.2015;;20.01.2012;107031, г. Москва, ул. Рождественка, д. 5/7, стр. 2, пом. V, комн. 18;107031, г. Москва, ул. Рождественка, д. 5/7, стр. 2, пом. V, комн. 18;(495) 540-56-34;;energetik@resmail.ru, kiv-10@yandex.ru;;Общество с ограниченной ответственностью «Энергетик»;"""1097746777534""";;"""0171.01-2012-7728718632-П-107""";
"""5248030049""";ООО «Заволжская Строительная Компания» ;г. Заволжье;;Генеральный директор;Барсков;Дмитрий;Сергеевич;;Исключен;;;14.02.2014;;10.02.2012;606523, Нижегородская обл., Городецкий р-н, г. Заволжье, пр-т Дзержинского, д. 2А;606523, Нижегородская обл., Городецкий р-н, г. Заволжье, пр-т Дзержинского, д. 2А;(831) 415-08-30;;zsk10@bk.ru;;Общество с ограниченной ответственностью «Заволжская Строительная Компания»;"""1105248001836""";;"""0172.02-2012-5248030049-П-107""";
